Tên khách hàng;Sản phẩm mua;Giới tính;Khu vực;Phân loại Khach hàng
Hùng;Dép Nam;Nam;Lạng Sơn;SMALL BUSINESS
Hiền;Son Môi 3CE;Nữ;Lạng Sơn;CONSUMER
Việt;Kính Thời Trang Nam;Nam;Hà Nội;CORPORATE
Lệ;Sharingan;Nam;Lạng Sơn;CONSUMER
Anh;Giày Nữ;Nữ;Hà Nội;CORPORATE
Hùng;Dép Nam;Nam;Bắc Giang;CORPORATE
Trang;Giày Thể Thao Nam;Nam;Phú Thọ;HOME OFFICE
Bảo;Mũ Lưỡi Chai;Nam;Ninh Bình;HOME OFFICE
Phương;Nước Súc Miệng;Nam;Lạng Sơn;HOME OFFICE
Hà;Tất Nữ;Nữ;Hà Nội;SMALL BUSINESS
Dũng;Máy Rửa Mặt Nam;Nam;Hải Dương;SMALL BUSINESS
Hiền;Sữa Rửa Mặt Nữ;Nữ;Hải Phòng;HOME OFFICE
Đạt;Mũ Lưỡi Chai;Nam;Hải Phòng;CORPORATE
Bảo;Khử Mùi Nữ;Nữ;Hải Phòng;CORPORATE
Hùng;Khăn Lau Mặt;Nam;Hải Phòng;HOME OFFICE
Long;Máy Cạo Râu Đa Năng;Nam;Hải Phòng;HOME OFFICE
Phương;Máy Cạo Râu Đa Năng;Nam;Hải Phòng;SMALL BUSINESS
Hà;Vòng Cổ Nam;Nam;Hải Phòng;CORPORATE
Đạt;Bút Kẻ Mắt;Nữ;Hải Phòng;CORPORATE
Vinh;Áo Phông Nữ;Nữ;Hải Phòng;CORPORATE
Hoa;Máy Cạo Râu Xiaomi;Nam;Hà Nội;CORPORATE
Anh;Kem Đánh Răng;Nam;Hà Nội;CONSUMER
Dũng;Băng Chấn Thương;Nam;Hà Nội;SMALL BUSINESS
Lệ;Quần Jean Nam;Nam;Hà Nội;SMALL BUSINESS
Bảo;Máy Rửa Mặt Nữ;Nữ;Hà Nội;CORPORATE
Hùng;Túi Thời Trang;Nữ;Hà Nội;CORPORATE
Đạt;Máy Rửa Mặt Nữ;Nữ;Hà Nội;CORPORATE
Mạnh;Máy Cưa;Nam;Hà Nội;CORPORATE
Long;Máy Cưa;Nam;Hà Nội;CORPORATE
Vinh;Bàn Chải;Nam;Hà Nội;HOME OFFICE
Phương;Nước Súc Miệng;Nữ;Lạng Sơn;CORPORATE
Mạnh;Tông Đơ Cắt Tóc;Nam;Lạng Sơn;HOME OFFICE
Trang;Đồ Chơi Siêu Nhân;Nam;Ninh Bình;HOME OFFICE
Hùng;Sữa Rửa Mặt Nam;Nam;Quảng Ninh;CORPORATE
Lệ;Kem Đánh Răng;Nữ;Quảng Ninh;CORPORATE
Nam;Khăn Lau Mặt;Nữ;Quảng Ninh;CORPORATE
Lệ;Áo Khoác Nam;Nam;Quảng Ninh;CONSUMER
Tiến;Mũ Lưỡi Chai;Nam;Quảng Ninh;CONSUMER
Bảo;Kính Thời Trang Nam;Nam;Quảng Ninh;CONSUMER
Quân;Áo Phông Nam;Nam;Lạng Sơn;CORPORATE
Long;Quần Jean Nữ;Nữ;Hà Nội;CONSUMER
Trang;Gấu Bông;Nữ;Hà Nội;CORPORATE
Vinh;Gương Trang Điểm;Nữ;Hà Nội;CORPORATE
Tiến;Váy;Nữ;Hà Nội;HOME OFFICE
Lệ;Nước Hoa Nam;Nam;Hà Nội;CORPORATE
Nam;Sữa Tắm Gội Nam;Nam;Hà Nội;CORPORATE
Hoa;Sharingan;Nam;Hà Nội;SMALL BUSINESS
Dũng;Sữa Tắm Nữ;Nữ;Hà Nội;CORPORATE
Đạt;Kẹp Tóc;Nữ;Hà Nội;CORPORATE
Hà;Lăn Khử Mùi Nam;Nam;Hà Nội;CORPORATE
Hùng;Tất Nam;Nam;Hà Nội;SMALL BUSINESS
Hiền;Áo Bóng Đá;Nam;Hà Nội;CONSUMER
Hồng;Nước Hoa Nữ;Nữ;Hà Nội;SMALL BUSINESS
Việt;Dép Nam;Nam;Hà Nội;CORPORATE
Anh;Tất Nam;Nam;Hưng Yên;HOME OFFICE
Hoàng;Chăn Gối;Nam;Hưng Yên;CORPORATE
Hoàng;Phấn Trang Điểm;Nữ;Hưng Yên;CONSUMER
Hoàng;Chăn Gối;Nữ;Hưng Yên;HOME OFFICE
Anh;Bàn Chải;Nữ;Hưng Yên;CORPORATE
Vinh;Bút Kẻ Mắt;Nữ;Hưng Yên;HOME OFFICE
Mạnh;Dép Nam;Nam;Hưng Yên;CORPORATE
Quân;Váy;Nữ;Hưng Yên;SMALL BUSINESS
Mạnh;Sữa Tắm Nữ;Nữ;Yên Bái;SMALL BUSINESS
Trang;Kẹp Tóc;Nam;Yên Bái;HOME OFFICE
Vinh;Mũ Lưỡi Chai;Nam;Yên Bái;SMALL BUSINESS
Hoàng;Khăn Lau Mặt;Nữ;Yên Bái;SMALL BUSINESS
Trang;Kẹp Tóc;Nữ;Yên Bái;CORPORATE
Mạnh;Khăn Lau Mặt;Nữ;Yên Bái;HOME OFFICE
Vinh;Sữa Tắm Nữ;Nữ;Yên Bái;CORPORATE
Tiến;Mũ Lưỡi Chai;Nam;Bắc Giang;SMALL BUSINESS
Quân;Sữa Tắm Gội Nam;Nam;Bắc Giang;HOME OFFICE
Hồng;Váy;Nữ;Bắc Giang;CORPORATE
Trang;Áo Bóng Đá;Nam;Bắc Giang;CORPORATE
Hà;Váy;Nữ;Phú Thọ;CORPORATE
Long;Sữa Tắm Nữ;Nữ;Phú Thọ;SMALL BUSINESS
Hà;Dép Nam;Nam;Phú Thọ;CONSUMER
Vinh;Sữa Tắm Gội Nam;Nam;Phú Thọ;HOME OFFICE
Quân;Áo Phông Nam;Nam;Phú Thọ;CONSUMER
Hồng;Băng Chấn Thương;Nam;Phú Thọ;CORPORATE
Hà;Áo Phông Nữ;Nữ;Phú Thọ;CORPORATE
Mạnh;Chăn Gối;Nữ;Bắc Giang;CORPORATE
Hồng;Áo Phông Nam;Nam;Nam Định;HOME OFFICE
Hoa;Quần Jean Nam;Nam;Nam Định;HOME OFFICE
Long;Tông Đơ Cắt Tóc;Nam;Nam Định;SMALL BUSINESS
Hoàng;Máy Cưa;Nam;Nam Định;SMALL BUSINESS
Quân;Giày Thể Thao Nam;Nam;Nam Định;CORPORATE
Dũng;Máy Cưa;Nam;Nam Định;CONSUMER
Đạt;Áo Phông Nữ;Nữ;Nam Định;HOME OFFICE
Đạt;Băng Chấn Thương;Nam;Nam Định;HOME OFFICE
Vinh;Áo Phông Nam;Nam;Nam Định;SMALL BUSINESS
Tiến;Chăn Gối;Nam;Nam Định;CORPORATE
Mạnh;Áo Phông Nữ;Nữ;Nam Định;HOME OFFICE
Dũng;Sữa Tắm Nữ;Nữ;Nam Định;CORPORATE
Việt;Giày Thể Thao Nam;Nam;Nam Định;CORPORATE
Long;Quần Jean Nữ;Nữ;Nam Định;SMALL BUSINESS
Quân;Chăn Gối;Nam;Nam Định;CORPORATE
Việt;Quần Jean Nữ;Nữ;Nam Định;CORPORATE
Vinh;Sữa Tắm Gội Nam;Nam;Nam Định;HOME OFFICE
Việt;Áo Bóng Đá;Nam;Nam Định;CORPORATE
Tiến;Quần Jean Nam;Nam;Nam Định;HOME OFFICE
Mạnh;Áo Bóng Đá;Nam;Nam Định;CONSUMER
Hà;Máy Cạo Râu Đa Năng;Nam;Hòa Bình;CORPORATE
Vinh;Máy Cạo Râu Xiaomi;Nam;Hòa Bình;CORPORATE
Quân;Tông Đơ Cắt Tóc;Nam;Hòa Bình;CORPORATE
Hồng;Kính Thời Trang Nam;Nam;Hòa Bình;HOME OFFICE
Hà;Vòng Cổ Nam;Nam;Hòa Bình;CORPORATE
Mạnh;Máy Cưa;Nam;Hòa Bình;HOME OFFICE
Hồng;Đồ Chơi Siêu Nhân;Nam;Hòa Bình;HOME OFFICE
Hoa;Máy Rửa Mặt Nam;Nam;Hòa Bình;CORPORATE
Long;Máy Rửa Mặt Nữ;Nữ;Hòa Bình;CORPORATE
Hoàng;Kem Đánh Răng;Nam;Hòa Bình;CORPORATE
Quân;Khăn Lau Mặt;Nam;Hòa Bình;CONSUMER
Dũng;Nước Súc Miệng;Nam;Hòa Bình;CONSUMER
Đạt;Bàn Chải;Nam;Hòa Bình;CONSUMER
Đạt;Áo Khoác Nam;Nam;Hòa Bình;CORPORATE
Vinh;Quần Jean Nam;Nam;Hòa Bình;CONSUMER
Tiến;Áo Phông Nam;Nam;Hòa Bình;CORPORATE
Mạnh;Quần Jean Nữ;Nữ;Hòa Bình;CORPORATE
Dũng;Áo Phông Nữ;Nữ;Hòa Bình;HOME OFFICE
Việt;Nước Hoa Nam;Nam;Hòa Bình;CORPORATE
Long;Lăn Khử Mùi Nam;Nam;Hòa Bình;CORPORATE
Quân;Tất Nam;Nam;Hòa Bình;SMALL BUSINESS
Việt;Nước Hoa Nữ;Nữ;Hòa Bình;CORPORATE
Vinh;Khử Mùi Nữ;Nữ;Hòa Bình;CORPORATE
Việt;Tất Nữ;Nữ;Hòa Bình;CORPORATE
Tiến;Túi Thời Trang;Nữ;Hòa Bình;SMALL BUSINESS
Mạnh;Son Môi 3CE;Nữ;Hòa Bình;CONSUMER
Phương;Phấn Trang Điểm;Nữ;Hòa Bình;SMALL BUSINESS
Hoàng;Bút Kẻ Mắt;Nữ;Hòa Bình;CORPORATE
Hoàng;Kẹp Tóc;Nữ;Ninh Bình;HOME OFFICE
Anh;Dép Nam;Nam;Ninh Bình;CORPORATE
Vinh;Giày Thể Thao Nam;Nam;Ninh Bình;CONSUMER
Mạnh;Băng Chấn Thương;Nam;Ninh Bình;HOME OFFICE
Quân;Mũ Lưỡi Chai;Nam;Ninh Bình;CORPORATE
Mạnh;Áo Bóng Đá;Nam;Ninh Bình;HOME OFFICE
Trang;Sữa Rửa Mặt Nam;Nam;Ninh Bình;CORPORATE
Vinh;Sữa Rửa Mặt Nữ;Nữ;Ninh Bình;SMALL BUSINESS
Hoàng;Gương Trang Điểm;Nữ;Ninh Bình;SMALL BUSINESS
Trang;Chăn Gối;Nam;Ninh Bình;HOME OFFICE
Mạnh;Giày Nữ;Nữ;Ninh Bình;SMALL BUSINESS
Vinh;Gấu Bông;Nữ;Ninh Bình;SMALL BUSINESS
Tiến;Váy;Nữ;Ninh Bình;CORPORATE
Quân;Sữa Tắm Gội Nam;Nam;Ninh Bình;HOME OFFICE
Hồng;Sữa Tắm Nữ;Nữ;Ninh Bình;CORPORATE
Trang;Áo Phông Nam;Nam;Ninh Bình;SMALL BUSINESS
Hà;Quần Jean Nữ;Nữ;Ninh Bình;HOME OFFICE
Long;Áo Phông Nữ;Nữ;Ninh Bình;CORPORATE
Hà;Nước Hoa Nam;Nam;Ninh Bình;CORPORATE
Vinh;Lăn Khử Mùi Nam;Nam;Ninh Bình;CORPORATE
Quân;Tất Nam;Nam;Ninh Bình;SMALL BUSINESS
Hồng;Nước Hoa Nữ;Nữ;Ninh Bình;CONSUMER
Hà;Khử Mùi Nữ;Nữ;Ninh Bình;HOME OFFICE
Mạnh;Tất Nữ;Nữ;Ninh Bình;CONSUMER
Hồng;Túi Thời Trang;Nữ;Ninh Bình;CORPORATE
Hoa;Son Môi 3CE;Nữ;Ninh Bình;CORPORATE
Trang;Phấn Trang Điểm;Nữ;Ninh Bình;CORPORATE
Hùng;Bút Kẻ Mắt;Nữ;Ninh Bình;HOME OFFICE
Lệ;Kẹp Tóc;Nữ;Ninh Bình;HOME OFFICE
Nam;Dép Nam;Nam;Ninh Bình;SMALL BUSINESS
Lệ;Giày Thể Thao Nam;Nam;Ninh Bình;SMALL BUSINESS
Tiến;Băng Chấn Thương;Nam;Ninh Bình;CORPORATE
Bảo;Mũ Lưỡi Chai;Nam;Ninh Bình;CONSUMER
Quân;Áo Bóng Đá;Nam;Ninh Bình;HOME OFFICE
Long;Sữa Rửa Mặt Nam;Nam;Ninh Bình;HOME OFFICE
Trang;Sữa Rửa Mặt Nữ;Nữ;Ninh Bình;SMALL BUSINESS
Vinh;Gương Trang Điểm;Nữ;Ninh Bình;CORPORATE
Tiến;Chăn Gối;Nữ;Ninh Bình;HOME OFFICE
Lệ;Giày Nữ;Nữ;Ninh Bình;SMALL BUSINESS
Nam;Gấu Bông;Nữ;Ninh Bình;CONSUMER
Hoa;Váy;Nữ;Hồ Chí Minh;CORPORATE
Dũng;Sữa Tắm Gội Nam;Nam;Hồ Chí Minh;CONSUMER
Đạt;Sữa Tắm Nữ;Nữ;Hồ Chí Minh;CORPORATE
Hà;Sharingan;Nam;Hồ Chí Minh;CORPORATE
Hùng;Máy Cưa;Nam;Hồ Chí Minh;HOME OFFICE
Hiền;Đồ Chơi Siêu Nhân;Nam;Hồ Chí Minh;HOME OFFICE
Hồng;Máy Rửa Mặt Nam;Nam;Hồ Chí Minh;HOME OFFICE
Việt;Máy Rửa Mặt Nữ;Nữ;Hồ Chí Minh;SMALL BUSINESS
Hùng;Kem Đánh Răng;Nam;Hồ Chí Minh;SMALL BUSINESS
Hiền;Khăn Lau Mặt;Nam;Hồ Chí Minh;HOME OFFICE
Việt;Nước Súc Miệng;Nữ;Hồ Chí Minh;CORPORATE
Lệ;Bàn Chải;Nữ;Hồ Chí Minh;CORPORATE
Anh;Áo Khoác Nam;Nam;Hồ Chí Minh;HOME OFFICE
Hùng;Quần Jean Nam;Nam;Hồ Chí Minh;HOME OFFICE
Trang;Áo Phông Nam;Nam;Hồ Chí Minh;SMALL BUSINESS
Bảo;Quần Jean Nữ;Nữ;Hồ Chí Minh;CORPORATE
Phương;Áo Phông Nữ;Nữ;Hồ Chí Minh;CORPORATE
Hà;Nước Hoa Nam;Nam;Hồ Chí Minh;CORPORATE
Dũng;Lăn Khử Mùi Nam;Nam;Hồ Chí Minh;CORPORATE
Hiền;Tất Nam;Nam;Hồ Chí Minh;CONSUMER
Đạt;Nước Hoa Nữ;Nữ;Hồ Chí Minh;SMALL BUSINESS
Bảo;Khử Mùi Nữ;Nữ;Hồ Chí Minh;SMALL BUSINESS
Hùng;Tất Nữ;Nữ;Hồ Chí Minh;CORPORATE
Long;Túi Thời Trang;Nữ;Hồ Chí Minh;CORPORATE
Phương;Son Môi 3CE;Nữ;Hồ Chí Minh;CORPORATE
Hà;Phấn Trang Điểm;Nữ;Hồ Chí Minh;CORPORATE
Đạt;Bút Kẻ Mắt;Nữ;Hồ Chí Minh;CORPORATE
Vinh;Kẹp Tóc;Nữ;Hồ Chí Minh;HOME OFFICE
Phương;Dép Nam;Nam;Hồ Chí Minh;CORPORATE
Hà;Giày Thể Thao Nam;Nam;Thanh Hóa;HOME OFFICE
Đạt;Bút Kẻ Mắt;Nữ;Thanh Hóa;HOME OFFICE
Vinh;Băng Chấn Thương;Nam;Thanh Hóa;CORPORATE
Hoa;Mũ Lưỡi Chai;Nam;Thanh Hóa;CORPORATE
Anh;Áo Bóng Đá;Nam;Thanh Hóa;CORPORATE
Dũng;Sữa Rửa Mặt Nam;Nam;Thanh Hóa;CONSUMER
Lệ;Sữa Rửa Mặt Nữ;Nữ;Thanh Hóa;CONSUMER
Bảo;Gương Trang Điểm;Nữ;Thanh Hóa;CONSUMER
Hùng;Chăn Gối;Nữ;Thanh Hóa;CORPORATE
Đạt;Giày Nữ;Nữ;Thanh Hóa;CONSUMER
Mạnh;Gấu Bông;Nữ;Thanh Hóa;CORPORATE
Long;Váy;Nữ;Thanh Hóa;CORPORATE
Vinh;Sữa Tắm Gội Nam;Nam;Thanh Hóa;HOME OFFICE
Phương;Sữa Tắm Nữ;Nữ;Thanh Hóa;CORPORATE
Mạnh;Sharingan;Nam;Thanh Hóa;CORPORATE
Trang;Máy Cạo Râu Đa Năng;Nam;Thanh Hóa;SMALL BUSINESS
Hùng;Máy Cạo Râu Xiaomi;Nam;Thanh Hóa;CORPORATE
Lệ;Tông Đơ Cắt Tóc;Nam;Thanh Hóa;CORPORATE
Nam;Kính Thời Trang Nam;Nam;Thanh Hóa;CORPORATE
Lệ;Vòng Cổ Nam;Nam;Thanh Hóa;SMALL BUSINESS
Tiến;Máy Cưa;Nam;Thanh Hóa;CONSUMER
Bảo;Đồ Chơi Siêu Nhân;Nam;Thanh Hóa;SMALL BUSINESS
Quân;Máy Rửa Mặt Nam;Nam;Thanh Hóa;CORPORATE
Long;Máy Rửa Mặt Nữ;Nữ;Thanh Hóa;HOME OFFICE
Trang;Kem Đánh Răng;Nữ;Thanh Hóa;CORPORATE
Vinh;Khăn Lau Mặt;Nữ;Thanh Hóa;CONSUMER
Tiến;Nước Súc Miệng;Nữ;Thanh Hóa;HOME OFFICE
Lệ;Bàn Chải;Nữ;Thanh Hóa;CORPORATE
Nam;Áo Khoác Nam;Nam;Thanh Hóa;HOME OFFICE
Hoa;Quần Jean Nam;Nam;Thanh Hóa;CORPORATE
Dũng;Áo Phông Nam;Nam;Đà Nẵng;SMALL BUSINESS
Đạt;Quần Jean Nữ;Nữ;Đà Nẵng;SMALL BUSINESS
Hà;Áo Phông Nữ;Nữ;Đà Nẵng;HOME OFFICE
Hùng;Nước Hoa Nam;Nam;Đà Nẵng;SMALL BUSINESS
Hiền;Lăn Khử Mùi Nam;Nam;Đà Nẵng;SMALL BUSINESS
Hồng;Tất Nam;Nữ;Đà Nẵng;CORPORATE
Việt;Nước Hoa Nữ;Nữ;Đà Nẵng;HOME OFFICE
Anh;Khử Mùi Nữ;Nữ;Đà Nẵng;CORPORATE
Hoàng;Tất Nữ;Nữ;Đà Nẵng;SMALL BUSINESS
Vinh;Túi Thời Trang;Nữ;Đà Nẵng;HOME OFFICE
Quân;Son Môi 3CE;Nữ;Đà Nẵng;CORPORATE
Hồng;Phấn Trang Điểm;Nữ;Đà Nẵng;CORPORATE
Hà;Kẹp Tóc;Nữ;Đà Nẵng;CORPORATE
Mạnh;Dép Nam;Nam;Đà Nẵng;SMALL BUSINESS
Hồng;Giày Thể Thao Nam;Nam;Đà Nẵng;CONSUMER
Hoa;Băng Chấn Thương;Nam;Đà Nẵng;HOME OFFICE
Long;Mũ Lưỡi Chai;Nam;Đà Nẵng;CONSUMER
Hoàng;Áo Bóng Đá;Nam;Đà Nẵng;CORPORATE
Quân;Sữa Rửa Mặt Nam;Nam;Đà Nẵng;CORPORATE
Dũng;Sữa Rửa Mặt Nữ;Nữ;Đà Nẵng;CORPORATE
Đạt;Gương Trang Điểm;Nữ;Đà Nẵng;HOME OFFICE
Đạt;Chăn Gối;Nữ;Đà Nẵng;HOME OFFICE
Vinh;Giày Nữ;Nữ;Đà Nẵng;SMALL BUSINESS
Tiến;Gấu Bông;Nữ;Đà Nẵng;SMALL BUSINESS
Mạnh;Váy;Nữ;Đà Nẵng;CORPORATE
Dũng;Sữa Tắm Gội Nam;Nam;Đà Nẵng;CONSUMER
Việt;Sữa Tắm Nữ;Nữ;Đà Nẵng;HOME OFFICE
Long;Sharingan;Nam;Đà Nẵng;HOME OFFICE
Quân;Đồ Chơi Siêu Nhân;Nam;Đà Nẵng;SMALL BUSINESS
Việt;Máy Rửa Mặt Nam;Nam;Đà Nẵng;CORPORATE
Vinh;Máy Rửa Mặt Nữ;Nữ;Đà Nẵng;HOME OFFICE
Việt;Kem Đánh Răng;Nữ;Đà Nẵng;CORPORATE
Tiến;Khăn Lau Mặt;Nam;Đà Nẵng;CORPORATE
Mạnh;Nước Súc Miệng;Nam;Đà Nẵng;SMALL BUSINESS
Hà;Bàn Chải;Nam;Đà Nẵng;CORPORATE
Vinh;Áo Khoác Nam;Nam;Nghệ An;CORPORATE
Quân;Quần Jean Nam;Nam;Nghệ An;HOME OFFICE
Hồng;Áo Phông Nam;Nam;Nghệ An;CORPORATE
Hà;Quần Jean Nữ;Nữ;Nghệ An;HOME OFFICE
Mạnh;Áo Phông Nữ;Nữ;Nghệ An;CONSUMER
Hồng;Nước Hoa Nam;Nam;Nghệ An;CORPORATE
Hoa;Lăn Khử Mùi Nam;Nam;Nghệ An;CORPORATE
Long;Tất Nam;Nam;Nghệ An;CORPORATE
Hoàng;Nước Hoa Nữ;Nữ;Nghệ An;HOME OFFICE
Quân;Khử Mùi Nữ;Nữ;Nghệ An;CORPORATE
Dũng;Tất Nữ;Nữ;Nghệ An;HOME OFFICE
Đạt;Túi Thời Trang;Nữ;Nghệ An;CORPORATE
Đạt;Son Môi 3CE;Nữ;Nghệ An;HOME OFFICE
Việt;Phấn Trang Điểm;Nữ;Nghệ An;CORPORATE
Vinh;Bút Kẻ Mắt;Nữ;Nghệ An;SMALL BUSINESS
Việt;Máy Cạo Râu Đa Năng;Nam;Nghệ An;HOME OFFICE
Tiến;Máy Cạo Râu Xiaomi;Nam;Nghệ An;CORPORATE
Mạnh;Tông Đơ Cắt Tóc;Nam;Nghệ An;CORPORATE
Phương;Kính Thời Trang Nam;Nam;Nghệ An;CORPORATE
Hoàng;Vòng Cổ Nam;Nam;Nghệ An;SMALL BUSINESS
Hoàng;Máy Cưa;Nam;Nghệ An;CONSUMER
Anh;Đồ Chơi Siêu Nhân;Nam;Nghệ An;HOME OFFICE
Vinh;Máy Rửa Mặt Nam;Nam;Nghệ An;CONSUMER
Mạnh;Máy Rửa Mặt Nữ;Nữ;Nghệ An;CORPORATE
Quân;Kem Đánh Răng;Nữ;Nghệ An;CORPORATE
Mạnh;Khăn Lau Mặt;Nữ;Nghệ An;CORPORATE
Trang;Nước Súc Miệng;Nữ;Nghệ An;HOME OFFICE
Vinh;Bàn Chải;Nam;Nghệ An;HOME OFFICE
Hoàng;Lăn Khử Mùi Nam;Nam;Nghệ An;SMALL BUSINESS
Trang;Tất Nam;Nam;Nghệ An;SMALL BUSINESS
Mạnh;Nước Hoa Nữ;Nữ;Nghệ An;CORPORATE
Vinh;Khử Mùi Nữ;Nữ;Nghệ An;CONSUMER
Tiến;Tất Nữ;Nữ;Nghệ An;HOME OFFICE
Quân;Túi Thời Trang;Nữ;Quảng Bình;HOME OFFICE
Hồng;Son Môi 3CE;Nữ;Quảng Bình;SMALL BUSINESS
Trang;Phấn Trang Điểm;Nữ;Quảng Bình;CORPORATE
Hà;Bút Kẻ Mắt;Nữ;Quảng Bình;CONSUMER
Long;Kẹp Tóc;Nữ;Quảng Bình;HOME OFFICE
Hà;Dép Nam;Nam;Quảng Bình;CORPORATE
Vinh;Giày Thể Thao Nam;Nam;Quảng Bình;HOME OFFICE
Quân;Băng Chấn Thương;Nam;Quảng Bình;CORPORATE
Hồng;Mũ Lưỡi Chai;Nam;Quảng Bình;SMALL BUSINESS
Hà;Áo Bóng Đá;Nam;Quảng Bình;SMALL BUSINESS
Mạnh;Sữa Rửa Mặt Nam;Nam;Quảng Bình;HOME OFFICE
Hồng;Sữa Rửa Mặt Nữ;Nữ;Quảng Bình;SMALL BUSINESS
Hoa;Gương Trang Điểm;Nữ;Quảng Bình;CORPORATE
Nam;Khăn Lau Mặt;Nam;Quảng Bình;CORPORATE
Hoa;Nước Súc Miệng;Nữ;Quảng Bình;HOME OFFICE
Dũng;Bàn Chải;Nữ;Quảng Bình;CORPORATE
Đạt;Áo Khoác Nam;Nam;Quảng Bình;CORPORATE
Hà;Quần Jean Nam;Nam;Quảng Bình;SMALL BUSINESS
Hùng;Áo Phông Nam;Nam;Quảng Bình;CORPORATE
Hiền;Quần Jean Nữ;Nữ;Quảng Bình;CORPORATE
Hồng;Áo Phông Nữ;Nữ;Quảng Bình;CORPORATE
Việt;Nước Hoa Nam;Nam;Quảng Bình;SMALL BUSINESS
Anh;Lăn Khử Mùi Nam;Nam;Quảng Bình;CONSUMER
Hoàng;Tất Nam;Nam;Quảng Bình;SMALL BUSINESS
Vinh;Nước Hoa Nữ;Nữ;Quảng Bình;CORPORATE
Quân;Khử Mùi Nữ;Nữ;Quảng Bình;HOME OFFICE
Hồng;Tất Nữ;Nữ;Quảng Bình;CORPORATE
Hà;Túi Thời Trang;Nữ;An Giang;CONSUMER
Mạnh;Son Môi 3CE;Nữ;An Giang;HOME OFFICE
Hồng;Phấn Trang Điểm;Nữ;An Giang;CORPORATE
Hoa;Bút Kẻ Mắt;Nữ;An Giang;HOME OFFICE
Long;Kẹp Tóc;Nữ;An Giang;CORPORATE
Hoàng;Dép Nam;Nam;An Giang;SMALL BUSINESS
Quân;Giày Thể Thao Nam;Nam;An Giang;SMALL BUSINESS
Dũng;Bút Kẻ Mắt;Nữ;An Giang;HOME OFFICE
Đạt;Băng Chấn Thương;Nam;An Giang;SMALL BUSINESS
Đạt;Mũ Lưỡi Chai;Nam;An Giang;SMALL BUSINESS
Vinh;Áo Bóng Đá;Nam;An Giang;CORPORATE
Tiến;Sữa Rửa Mặt Nam;Nam;An Giang;HOME OFFICE
Mạnh;Sữa Rửa Mặt Nữ;Nữ;An Giang;CORPORATE
Dũng;Gương Trang Điểm;Nữ;An Giang;SMALL BUSINESS
Việt;Chăn Gối;Nữ;An Giang;HOME OFFICE
Long;Giày Nữ;Nữ;An Giang;CORPORATE
Quân;Gấu Bông;Nữ;An Giang;CORPORATE
Việt;Váy;Nữ;An Giang;CORPORATE
Vinh;Sữa Tắm Gội Nam;Nam;An Giang;SMALL BUSINESS
Việt;Sữa Tắm Nữ;Nữ;An Giang;CONSUMER
Tiến;Sharingan;Nam;An Giang;HOME OFFICE
Mạnh;Máy Cạo Râu Đa Năng;Nam;An Giang;CONSUMER
Hà;Máy Cạo Râu Xiaomi;Nam;An Giang;CORPORATE
Vinh;Tông Đơ Cắt Tóc;Nam;An Giang;CORPORATE
Quân;Kính Thời Trang Nam;Nam;An Giang;CORPORATE
Hồng;Vòng Cổ Nam;Nam;An Giang;HOME OFFICE
Hà;Máy Cưa;Nam;An Giang;HOME OFFICE
Mạnh;Đồ Chơi Siêu Nhân;Nam;An Giang;SMALL BUSINESS
Hồng;Máy Rửa Mặt Nam;Nam;An Giang;SMALL BUSINESS
Hoa;Máy Rửa Mặt Nữ;Nữ;An Giang;CORPORATE
Long;Kem Đánh Răng;Nữ;An Giang;CONSUMER
Hoàng;Khăn Lau Mặt;Nữ;An Giang;HOME OFFICE
Quân;Nước Súc Miệng;Nữ;An Giang;HOME OFFICE
Dũng;Bàn Chải;Nữ;Vĩnh Phúc;SMALL BUSINESS
Đạt;Áo Khoác Nam;Nam;Vĩnh Phúc;CORPORATE
Đạt;Quần Jean Nam;Nam;Vĩnh Phúc;HOME OFFICE
Việt;Áo Phông Nam;Nam;Vĩnh Phúc;SMALL BUSINESS
Vinh;Quần Jean Nữ;Nữ;Vĩnh Phúc;CONSUMER
Việt;Áo Phông Nữ;Nữ;Vĩnh Phúc;CORPORATE
Tiến;Nước Hoa Nam;Nam;Vĩnh Phúc;CONSUMER
Mạnh;Lăn Khử Mùi Nam;Nam;Vĩnh Phúc;CORPORATE
Phương;Tất Nam;Nữ;Vĩnh Phúc;CORPORATE
Hoàng;Nước Hoa Nữ;Nữ;Vĩnh Phúc;HOME OFFICE
Hoàng;Khử Mùi Nữ;Nữ;Vĩnh Phúc;HOME OFFICE
Anh;Tất Nữ;Nữ;Vĩnh Phúc;HOME OFFICE
Vinh;Túi Thời Trang;Nữ;Vĩnh Phúc;SMALL BUSINESS
Mạnh;Son Môi 3CE;Nữ;Vĩnh Phúc;SMALL BUSINESS
Quân;Phấn Trang Điểm;Nữ;Vĩnh Phúc;HOME OFFICE
Mạnh;Kẹp Tóc;Nữ;Vĩnh Phúc;CORPORATE
Trang;Dép Nam;Nam;Vĩnh Phúc;CORPORATE
Vinh;Giày Thể Thao Nam;Nam;Vĩnh Phúc;HOME OFFICE
Hoàng;Băng Chấn Thương;Nam;Vĩnh Phúc;HOME OFFICE
Trang;Mũ Lưỡi Chai;Nam;Vĩnh Phúc;SMALL BUSINESS
Mạnh;Áo Bóng Đá;Nam;Vĩnh Phúc;CORPORATE
Vinh;Sữa Rửa Mặt Nam;Nam;Vĩnh Phúc;CORPORATE
Tiến;Sữa Rửa Mặt Nữ;Nữ;Vĩnh Phúc;CORPORATE
Quân;Gương Trang Điểm;Nữ;Vĩnh Phúc;CORPORATE
Hồng;Chăn Gối;Nữ;Vĩnh Phúc;CONSUMER
Trang;Giày Nữ;Nữ;Vĩnh Phúc;SMALL BUSINESS
Hà;Gấu Bông;Nữ;Vĩnh Phúc;SMALL BUSINESS
Long;Váy;Nữ;Vĩnh Phúc;CORPORATE
Hà;Sữa Tắm Gội Nam;Nam;Vĩnh Phúc;CORPORATE
Vinh;Sữa Tắm Nữ;Nữ;Vĩnh Phúc;CORPORATE
Quân;Sharingan;Nam;Vĩnh Phúc;CORPORATE
Hồng;Đồ Chơi Siêu Nhân;Nam;Đồng Nai;CORPORATE
Hà;Máy Rửa Mặt Nam;Nam;Đồng Nai;HOME OFFICE
Phương;Máy Rửa Mặt Nữ;Nữ;Đồng Nai;CORPORATE
Mạnh;Kem Đánh Răng;Nữ;Đồng Nai;HOME OFFICE
Bảo;Khăn Lau Mặt;Nam;Đồng Nai;HOME OFFICE
Quân;Nước Súc Miệng;Nam;Đồng Nai;CORPORATE
Long;Bàn Chải;Nam;Đồng Nai;CORPORATE
Trang;Áo Khoác Nam;Nam;Đồng Nai;CORPORATE
Vinh;Quần Jean Nam;Nam;Đồng Nai;CONSUMER
Tiến;Áo Phông Nam;Nam;Đồng Nai;CONSUMER
Lệ;Quần Jean Nữ;Nữ;Đồng Nai;CONSUMER
Nam;Áo Phông Nữ;Nữ;Đồng Nai;CORPORATE
Hoa;Nước Hoa Nam;Nam;Đồng Nai;CONSUMER
Dũng;Lăn Khử Mùi Nam;Nam;Đồng Nai;CORPORATE
Đạt;Tất Nam;Nam;Đồng Nai;CORPORATE
Hà;Nước Hoa Nữ;Nữ;Đồng Nai;HOME OFFICE
Hùng;Khử Mùi Nữ;Nữ;Đồng Nai;CORPORATE
Hiền;Tất Nữ;Nữ;Đồng Nai;CORPORATE
Hồng;Túi Thời Trang;Nữ;Đồng Nai;SMALL BUSINESS
Việt;Son Môi 3CE;Nữ;Đồng Nai;CORPORATE
Anh;Phấn Trang Điểm;Nữ;Đồng Nai;CORPORATE
Hoàng;Bút Kẻ Mắt;Nữ;Đồng Nai;CORPORATE
Vinh;Máy Cạo Râu Đa Năng;Nam;Đồng Nai;SMALL BUSINESS
Tiến;Máy Cạo Râu Xiaomi;Nam;Đồng Nai;CONSUMER
Quân;Tông Đơ Cắt Tóc;Nam;Đồng Nai;SMALL BUSINESS
Hồng;Kính Thời Trang Nam;Nam;Đồng Nai;CORPORATE
Trang;Vòng Cổ Nam;Nam;Đồng Nai;HOME OFFICE
Hà;Máy Cưa;Nam;Đồng Nai;CORPORATE
Long;Đồ Chơi Siêu Nhân;Nam;Đồng Nai;CONSUMER
Hà;Máy Rửa Mặt Nam;Nam;Đồng Nai;HOME OFFICE
Vinh;Máy Rửa Mặt Nữ;Nữ;Đồng Nai;CORPORATE
Quân;Kem Đánh Răng;Nữ;Đồng Nai;HOME OFFICE
Hồng;Khăn Lau Mặt;Nữ;Đồng Nai;CORPORATE
Hà;Nước Súc Miệng;Nữ;Đồng Nai;SMALL BUSINESS
Mạnh;Bàn Chải;Nam;Đồng Nai;SMALL BUSINESS
Hồng;Lăn Khử Mùi Nam;Nam;Đồng Nai;HOME OFFICE
Hoa;Tất Nam;Nam;Đồng Nai;SMALL BUSINESS
Nam;Nước Hoa Nữ;Nữ;Đồng Nai;SMALL BUSINESS
Hoa;Khử Mùi Nữ;Nữ;Đồng Nai;CORPORATE
Dũng;Tất Nữ;Nữ;Đồng Nai;HOME OFFICE
Đạt;Túi Thời Trang;Nữ;Đồng Nai;CORPORATE
Hà;Son Môi 3CE;Nữ;Đồng Nai;SMALL BUSINESS
Hùng;Phấn Trang Điểm;Nữ;Đồng Nai;HOME OFFICE
Hiền;Bút Kẻ Mắt;Nữ;Đồng Nai;CORPORATE
Hồng;Kẹp Tóc;Nữ;Đồng Nai;CORPORATE
Việt;Dép Nam;Nam;Đồng Nai;CORPORATE
Anh;Giày Thể Thao Nam;Nam;Đồng Nai;SMALL BUSINESS
Hoàng;Băng Chấn Thương;Nam;Đồng Nai;CONSUMER
Vinh;Mũ Lưỡi Chai;Nam;Đồng Nai;HOME OFFICE
Quân;Áo Bóng Đá;Nam;Đồng Nai;CONSUMER
Hồng;Sữa Rửa Mặt Nam;Nam;Đắk Lắk;CORPORATE
Hà;Sữa Rửa Mặt Nữ;Nữ;Đắk Lắk;CORPORATE
Mạnh;Gương Trang Điểm;Nữ;Đắk Lắk;CORPORATE
Hồng;Phấn Trang Điểm;Nữ;Đắk Lắk;HOME OFFICE
Hoa;Bút Kẻ Mắt;Nữ;Đắk Lắk;HOME OFFICE
Long;Kẹp Tóc;Nữ;Đắk Lắk;SMALL BUSINESS
Hoàng;Dép Nam;Nam;Đắk Lắk;SMALL BUSINESS
Quân;Giày Thể Thao Nam;Nam;Đắk Lắk;CORPORATE
Dũng;Băng Chấn Thương;Nam;Đắk Lắk;CONSUMER
Đạt;Mũ Lưỡi Chai;Nam;Đắk Lắk;HOME OFFICE
Đạt;Áo Bóng Đá;Nam;Đắk Lắk;HOME OFFICE
Vinh;Sữa Rửa Mặt Nam;Nam;Đắk Lắk;SMALL BUSINESS
Tiến;Sữa Rửa Mặt Nữ;Nữ;Đắk Lắk;CORPORATE
Mạnh;Gương Trang Điểm;Nữ;Đắk Lắk;HOME OFFICE
Dũng;Khăn Lau Mặt;Nam;Đắk Lắk;CORPORATE
Việt;Nước Súc Miệng;Nữ;Đắk Lắk;CORPORATE
Long;Bàn Chải;Nữ;Đắk Lắk;SMALL BUSINESS
Quân;Áo Khoác Nam;Nam;Đắk Lắk;CORPORATE
Việt;Quần Jean Nam;Nam;Đắk Lắk;CORPORATE
Vinh;Áo Phông Nam;Nam;Đắk Lắk;HOME OFFICE
Việt;Quần Jean Nữ;Nữ;Đắk Lắk;CORPORATE
Tiến;Áo Phông Nữ;Nữ;Đắk Lắk;HOME OFFICE
Mạnh;Nước Hoa Nam;Nam;Đắk Nông;CONSUMER
Hà;Lăn Khử Mùi Nam;Nam;Đắk Nông;CORPORATE
Vinh;Tất Nam;Nam;Đắk Nông;CORPORATE
Quân;Nước Hoa Nữ;Nữ;Đắk Nông;CORPORATE
Hồng;Khử Mùi Nữ;Nữ;Đắk Nông;HOME OFFICE
Hà;Tất Nữ;Nữ;Đắk Nông;CORPORATE
Mạnh;Túi Thời Trang;Nữ;Đắk Nông;HOME OFFICE
Hồng;Son Môi 3CE;Nữ;Đắk Nông;CORPORATE
Hoa;Phấn Trang Điểm;Nữ;Đắk Nông;HOME OFFICE
Long;Bút Kẻ Mắt;Nữ;Đắk Nông;CORPORATE
Hoàng;Kẹp Tóc;Nữ;Đắk Nông;SMALL BUSINESS
Quân;Dép Nam;Nam;Đắk Nông;HOME OFFICE
Dũng;Giày Thể Thao Nam;Nam;Đắk Nông;CORPORATE
Đạt;Bút Kẻ Mắt;Nữ;Đắk Nông;CORPORATE
Đạt;Băng Chấn Thương;Nam;Đắk Nông;CORPORATE
Việt;Mũ Lưỡi Chai;Nam;Đắk Nông;SMALL BUSINESS
Vinh;Áo Bóng Đá;Nam;Đắk Nông;CONSUMER
Việt;Sữa Rửa Mặt Nam;Nam;Đắk Nông;HOME OFFICE
Tiến;Sữa Rửa Mặt Nữ;Nữ;Đắk Nông;CONSUMER
Mạnh;Gương Trang Điểm;Nữ;Đắk Nông;CORPORATE
Phương;Chăn Gối;Nữ;Lâm Đồng;CORPORATE
Hoàng;Giày Nữ;Nữ;Lâm Đồng;CORPORATE
Hoàng;Gấu Bông;Nữ;Lâm Đồng;HOME OFFICE
Anh;Váy;Nữ;Lâm Đồng;HOME OFFICE
Vinh;Sữa Tắm Gội Nam;Nam;Lâm Đồng;SMALL BUSINESS
Mạnh;Sữa Tắm Nữ;Nữ;Lâm Đồng;SMALL BUSINESS
Quân;Sharingan;Nam;Lâm Đồng;CORPORATE
Mạnh;Máy Cạo Râu Đa Năng;Nam;Lâm Đồng;CONSUMER
Trang;Máy Cạo Râu Xiaomi;Nam;Lâm Đồng;HOME OFFICE
Vinh;Tông Đơ Cắt Tóc;Nam;Lâm Đồng;HOME OFFICE
Hoàng;Kính Thời Trang Nam;Nam;Lâm Đồng;SMALL BUSINESS
Trang;Vòng Cổ Nam;Nam;Lâm Đồng;CORPORATE
Mạnh;Máy Cưa;Nam;Lâm Đồng;CONSUMER
Vinh;Đồ Chơi Siêu Nhân;Nam;Lâm Đồng;HOME OFFICE
Tiến;Máy Rửa Mặt Nam;Nam;Lâm Đồng;CORPORATE
Quân;Máy Rửa Mặt Nữ;Nữ;Lâm Đồng;HOME OFFICE
Hồng;Kem Đánh Răng;Nữ;Lâm Đồng;CORPORATE
Trang;Khăn Lau Mặt;Nữ;Lâm Đồng;CONSUMER
Hà;Áo Khoác Nam;Nam;Lâm Đồng;CONSUMER
Long;Quần Jean Nam;Nam;Lâm Đồng;CONSUMER
Hà;Áo Phông Nam;Nam;Bình Định;CORPORATE
Vinh;Quần Jean Nữ;Nữ;Bình Định;CONSUMER
Quân;Áo Phông Nữ;Nữ;Bình Định;CORPORATE
Hồng;Nước Hoa Nam;Nam;Bình Định;CORPORATE
Hà;Lăn Khử Mùi Nam;Nam;Bình Định;HOME OFFICE
Phương;Tất Nam;Nam;Bình Định;CORPORATE
Mạnh;Nước Hoa Nữ;Nữ;Bình Định;CORPORATE
Bảo;Khử Mùi Nữ;Nữ;Bình Định;SMALL BUSINESS
Quân;Tất Nữ;Nữ;Bình Định;CORPORATE
Long;Túi Thời Trang;Nữ;Bình Định;CORPORATE
Trang;Son Môi 3CE;Nữ;Bình Định;CORPORATE
Vinh;Phấn Trang Điểm;Nữ;Bình Định;SMALL BUSINESS
Tiến;Bút Kẻ Mắt;Nữ;Bình Định;CONSUMER
Lệ;Kẹp Tóc;Nữ;Bình Định;SMALL BUSINESS
Nam;Dép Nam;Nam;Bình Định;CORPORATE
Hoa;Giày Thể Thao Nam;Nam;Bình Định;HOME OFFICE
Hoa;Bút Kẻ Mắt;Nữ;Bình Định;CORPORATE
Long;Băng Chấn Thương;Nam;Bình Định;CONSUMER
Hoàng;Mũ Lưỡi Chai;Nam;Bình Định;HOME OFFICE
Quân;Áo Bóng Đá;Nam;Bình Định;CORPORATE
Dũng;Sữa Rửa Mặt Nam;Nam;Bình Định;HOME OFFICE
Đạt;Sữa Rửa Mặt Nữ;Nữ;Bình Định;CORPORATE
Đạt;Gương Trang Điểm;Nữ;Bình Định;SMALL BUSINESS
Việt;Chăn Gối;Nữ;Bình Định;SMALL BUSINESS
Vinh;Giày Nữ;Nữ;Gia Lai;HOME OFFICE
Việt;Gấu Bông;Nữ;Gia Lai;SMALL BUSINESS
Tiến;Váy;Nữ;Gia Lai;SMALL BUSINESS
Mạnh;Sữa Tắm Gội Nam;Nam;Gia Lai;CORPORATE
Phương;Sữa Tắm Nữ;Nữ;Gia Lai;HOME OFFICE
Hoàng;Sharingan;Nam;Gia Lai;CORPORATE
Hoàng;Máy Cạo Râu Đa Năng;Nam;Gia Lai;SMALL BUSINESS
Anh;Máy Cạo Râu Xiaomi;Nam;Gia Lai;HOME OFFICE
Vinh;Tông Đơ Cắt Tóc;Nam;Gia Lai;CORPORATE
Mạnh;Kính Thời Trang Nam;Nam;Gia Lai;CORPORATE
Quân;Vòng Cổ Nam;Nam;Gia Lai;CORPORATE
Mạnh;Máy Cưa;Nam;Gia Lai;SMALL BUSINESS
Trang;Đồ Chơi Siêu Nhân;Nam;Gia Lai;CONSUMER
Vinh;Máy Rửa Mặt Nam;Nam;Gia Lai;HOME OFFICE
Hoàng;Máy Rửa Mặt Nữ;Nữ;Gia Lai;CONSUMER
Trang;Kem Đánh Răng;Nữ;Gia Lai;CORPORATE
Mạnh;Khăn Lau Mặt;Nữ;Gia Lai;CORPORATE
Vinh;Nước Súc Miệng;Nữ;Gia Lai;CORPORATE
Tiến;Bàn Chải;Nữ;Gia Lai;HOME OFFICE
Quân;Áo Khoác Nam;Nam;Gia Lai;HOME OFFICE
Hồng;Quần Jean Nam;Nam;Gia Lai;SMALL BUSINESS
Trang;Áo Phông Nam;Nam;Gia Lai;SMALL BUSINESS
Hà;Quần Jean Nữ;Nữ;Gia Lai;CORPORATE
Long;Áo Phông Nữ;Nữ;Gia Lai;CONSUMER
Hà;Nước Hoa Nam;Nam;Gia Lai;HOME OFFICE
Vinh;Lăn Khử Mùi Nam;Nam;Gia Lai;HOME OFFICE
Quân;Tất Nam;Nữ;Gia Lai;SMALL BUSINESS
Hồng;Nước Hoa Nữ;Nữ;Gia Lai;CORPORATE
Hà;Khử Mùi Nữ;Nữ;Gia Lai;HOME OFFICE
Phương;Tất Nữ;Nữ;Gia Lai;CORPORATE
Mạnh;Túi Thời Trang;Nữ;Gia Lai;CORPORATE
Bảo;Son Môi 3CE;Nữ;Gia Lai;SMALL BUSINESS
Quân;Phấn Trang Điểm;Nữ;Gia Lai;CORPORATE
Long;Kẹp Tóc;Nữ;Gia Lai;CORPORATE
Trang;Dép Nam;Nam;Gia Lai;HOME OFFICE
Lệ;Giày Thể Thao Nam;Nam;Gia Lai;CORPORATE
Nam;Băng Chấn Thương;Nam;Gia Lai;HOME OFFICE
Hoa;Mũ Lưỡi Chai;Nam;Gia Lai;CONSUMER
Dũng;Áo Bóng Đá;Nam;Gia Lai;CORPORATE
Đạt;Sữa Rửa Mặt Nam;Nam;Gia Lai;CORPORATE
Hà;Sữa Rửa Mặt Nữ;Nữ;Gia Lai;CORPORATE
Hùng;Gương Trang Điểm;Nữ;Gia Lai;HOME OFFICE
Hiền;Chăn Gối;Nữ;Gia Lai;CORPORATE
Hồng;Giày Nữ;Nữ;Gia Lai;HOME OFFICE
Việt;Gấu Bông;Nữ;Khánh Hòa;HOME OFFICE
Anh;Váy;Nữ;Khánh Hòa;CORPORATE
Hoàng;Sữa Tắm Gội Nam;Nam;Khánh Hòa;CORPORATE
Lệ;Sữa Tắm Nữ;Nữ;Khánh Hòa;CORPORATE
Tiến;Sharingan;Nam;Khánh Hòa;CONSUMER
Bảo;Đồ Chơi Siêu Nhân;Nam;Khánh Hòa;CONSUMER
Quân;Máy Rửa Mặt Nam;Nam;Khánh Hòa;CONSUMER
Long;Máy Rửa Mặt Nữ;Nữ;Khánh Hòa;CORPORATE
Trang;Kem Đánh Răng;Nữ;Khánh Hòa;CONSUMER
Vinh;Khăn Lau Mặt;Nam;Khánh Hòa;CORPORATE
Tiến;Nước Súc Miệng;Nam;Khánh Hòa;CORPORATE
Lệ;Bàn Chải;Nam;Khánh Hòa;HOME OFFICE
Nam;Áo Khoác Nam;Nam;Khánh Hòa;CORPORATE
Hoa;Quần Jean Nam;Nam;Khánh Hòa;CORPORATE
Dũng;Áo Phông Nam;Nam;Khánh Hòa;SMALL BUSINESS
Đạt;Quần Jean Nữ;Nữ;Khánh Hòa;CORPORATE
Hà;Áo Phông Nữ;Nữ;Khánh Hòa;CORPORATE
Hùng;Nước Hoa Nam;Nam;Khánh Hòa;CORPORATE
Hiền;Lăn Khử Mùi Nam;Nam;Khánh Hòa;SMALL BUSINESS
Hồng;Tất Nam;Nam;Bình Dương;CONSUMER
Việt;Nước Hoa Nữ;Nữ;Bình Dương;SMALL BUSINESS
Anh;Khử Mùi Nữ;Nữ;Bình Dương;CORPORATE
Hoàng;Tất Nữ;Nữ;Bình Dương;HOME OFFICE
Vinh;Túi Thời Trang;Nữ;Bình Dương;CORPORATE
Quân;Son Môi 3CE;Nữ;Bình Dương;CONSUMER
Hồng;Phấn Trang Điểm;Nữ;Bình Dương;HOME OFFICE
Hà;Bút Kẻ Mắt;Nữ;Bình Dương;CORPORATE
Mạnh;Máy Cạo Râu Đa Năng;Nam;Bình Dương;HOME OFFICE
Hồng;Máy Cạo Râu Xiaomi;Nam;Bình Dương;CORPORATE
Hoa;Tông Đơ Cắt Tóc;Nam;Bình Dương;SMALL BUSINESS
Long;Kính Thời Trang Nam;Nam;Bình Dương;SMALL BUSINESS
Hoàng;Vòng Cổ Nam;Nam;Bình Dương;HOME OFFICE
Quân;Máy Cưa;Nam;Bình Dương;SMALL BUSINESS
Dũng;Đồ Chơi Siêu Nhân;Nam;Bình Dương;SMALL BUSINESS
Đạt;Máy Rửa Mặt Nam;Nam;Bình Dương;CORPORATE
Đạt;Máy Rửa Mặt Nữ;Nữ;Bình Dương;HOME OFFICE
Vinh;Kem Đánh Răng;Nữ;Bình Dương;CORPORATE
Tiến;Khăn Lau Mặt;Nữ;Bình Dương;SMALL BUSINESS
Mạnh;Nước Súc Miệng;Nữ;Bình Dương;HOME OFFICE
Dũng;Bàn Chải;Nam;Bình Dương;CORPORATE
Việt;Áo Phông Nam;Nam;Bình Dương;CORPORATE
Long;Quần Jean Nữ;Nữ;Bình Dương;CORPORATE
Quân;Áo Phông Nữ;Nữ;Bình Dương;SMALL BUSINESS
Việt;Nước Hoa Nam;Nam;Bình Dương;CONSUMER
Vinh;Lăn Khử Mùi Nam;Nam;Bình Dương;HOME OFFICE
Việt;Tất Nam;Nam;Bình Dương;CONSUMER
Tiến;Nước Hoa Nữ;Nữ;Bình Dương;CORPORATE
Mạnh;Khử Mùi Nữ;Nữ;Bình Dương;CORPORATE
Hà;Tất Nữ;Nữ;Bình Dương;CORPORATE
Vinh;Túi Thời Trang;Nữ;Bình Dương;HOME OFFICE
Quân;Son Môi 3CE;Nữ;Bình Dương;HOME OFFICE
Hồng;Phấn Trang Điểm;Nữ;Bình Dương;SMALL BUSINESS
Hà;Bút Kẻ Mắt;Nữ;Bình Dương;SMALL BUSINESS
Mạnh;Kẹp Tóc;Nữ;Bình Dương;CORPORATE
Hồng;Dép Nam;Nam;Bình Dương;CONSUMER
Hoa;Giày Thể Thao Nam;Nam;Bình Dương;HOME OFFICE
Long;Bút Kẻ Mắt;Nữ;Bình Dương;HOME OFFICE
Hoàng;Băng Chấn Thương;Nam;Bình Dương;SMALL BUSINESS
Quân;Mũ Lưỡi Chai;Nam;Bình Dương;CORPORATE
Dũng;Áo Bóng Đá;Nam;Bình Dương;HOME OFFICE
Đạt;Sữa Rửa Mặt Nam;Nam;Bình Dương;SMALL BUSINESS
Đạt;Sữa Rửa Mặt Nữ;Nữ;Bình Dương;CONSUMER
Việt;Gương Trang Điểm;Nữ;Bình Dương;CORPORATE
Vinh;Chăn Gối;Nữ;Bình Dương;CONSUMER
Việt;Giày Nữ;Nữ;Bình Dương;CORPORATE
Tiến;Gấu Bông;Nữ;Bình Dương;CORPORATE
Mạnh;Váy;Nữ;Bình Dương;HOME OFFICE
Phương;Sữa Tắm Gội Nam;Nam;Bình Dương;HOME OFFICE
Hoàng;Sữa Tắm Nữ;Nữ;Bình Dương;HOME OFFICE
Hoàng;Sharingan;Nam;Bình Dương;SMALL BUSINESS
Anh;Máy Cạo Râu Đa Năng;Nam;Bình Dương;SMALL BUSINESS
Vinh;Máy Cạo Râu Xiaomi;Nam;Bình Dương;HOME OFFICE
Mạnh;Tông Đơ Cắt Tóc;Nam;Bình Dương;CORPORATE
Quân;Kính Thời Trang Nam;Nam;Bình Dương;CORPORATE
Mạnh;Vòng Cổ Nam;Nam;Bình Dương;HOME OFFICE
Trang;Máy Cưa;Nam;Bình Dương;HOME OFFICE
Vinh;Đồ Chơi Siêu Nhân;Nam;Bình Dương;SMALL BUSINESS
Hoàng;Máy Rửa Mặt Nam;Nam;Bình Dương;CORPORATE
Trang;Máy Rửa Mặt Nữ;Nữ;Bình Dương;CORPORATE
Mạnh;Kem Đánh Răng;Nữ;Bình Dương;CORPORATE
Vinh;Khăn Lau Mặt;Nữ;Bình Dương;CORPORATE
Tiến;Nước Súc Miệng;Nữ;Bình Dương;CONSUMER
Quân;Bàn Chải;Nữ;Bình Dương;SMALL BUSINESS
Hồng;Áo Khoác Nam;Nam;Bình Dương;SMALL BUSINESS
Trang;Quần Jean Nam;Nam;Bình Dương;CORPORATE
Hà;Áo Phông Nam;Nam;Bình Dương;CORPORATE
Long;Quần Jean Nữ;Nữ;Bình Dương;CORPORATE
Hà;Áo Phông Nữ;Nữ;Bình Dương;CORPORATE
Vinh;Nước Hoa Nam;Nam;Bình Dương;CORPORATE
Quân;Lăn Khử Mùi Nam;Nam;Bình Dương;HOME OFFICE
Hồng;Tất Nam;Nữ;Bình Dương;CORPORATE
Hà;Nước Hoa Nữ;Nữ;Bình Dương;HOME OFFICE
Mạnh;Khử Mùi Nữ;Nữ;Bình Dương;HOME OFFICE
Hồng;Tất Nữ;Nữ;Bình Dương;CORPORATE
Hoa;Túi Thời Trang;Nữ;Đồng Tháp;CORPORATE
Nam;Son Môi 3CE;Nữ;Đồng Tháp;CORPORATE
Hoa;Phấn Trang Điểm;Nữ;Đồng Tháp;CONSUMER
Dũng;Kẹp Tóc;Nữ;Đồng Tháp;CONSUMER
Đạt;Dép Nam;Nam;Đồng Tháp;CONSUMER
Hà;Giày Thể Thao Nam;Nam;Đồng Tháp;CORPORATE
Hùng;Băng Chấn Thương;Nam;Đồng Tháp;CONSUMER
Hiền;Mũ Lưỡi Chai;Nam;Đồng Tháp;CORPORATE
Hồng;Áo Bóng Đá;Nam;Đồng Tháp;CORPORATE
Việt;Sữa Rửa Mặt Nam;Nam;Đồng Tháp;HOME OFFICE
Anh;Sữa Rửa Mặt Nữ;Nữ;Đồng Tháp;CORPORATE
Hoàng;Gương Trang Điểm;Nữ;Đồng Tháp;CORPORATE
Vinh;Chăn Gối;Nữ;Đồng Tháp;SMALL BUSINESS
Quân;Giày Nữ;Nữ;Đồng Tháp;CORPORATE
Hồng;Gấu Bông;Nữ;Đồng Tháp;CORPORATE
Hà;Váy;Nữ;Đồng Tháp;CORPORATE
Mạnh;Sữa Tắm Gội Nam;Nam;Đồng Tháp;SMALL BUSINESS
Hồng;Sữa Tắm Nữ;Nữ;Đồng Tháp;CONSUMER
Hoa;Sharingan;Nam;Đồng Tháp;SMALL BUSINESS
Long;Đồ Chơi Siêu Nhân;Nam;Đồng Tháp;CORPORATE
Hoàng;Máy Rửa Mặt Nam;Nam;Đồng Tháp;HOME OFFICE
Quân;Máy Rửa Mặt Nữ;Nữ;Đồng Tháp;CORPORATE
Dũng;Kem Đánh Răng;Nữ;Đồng Tháp;CONSUMER
Đạt;Khăn Lau Mặt;Nam;Đồng Tháp;HOME OFFICE
Đạt;Nước Súc Miệng;Nam;Đồng Tháp;CORPORATE
Vinh;Bàn Chải;Nam;Đồng Tháp;HOME OFFICE
Tiến;Áo Khoác Nam;Nam;Đồng Tháp;CORPORATE
Mạnh;Quần Jean Nam;Nam;Đồng Tháp;SMALL BUSINESS
Dũng;Áo Phông Nam;Nam;Đồng Tháp;SMALL BUSINESS
Việt;Quần Jean Nữ;Nữ;Đồng Tháp;HOME OFFICE
Long;Áo Phông Nữ;Nữ;Đồng Tháp;SMALL BUSINESS
Quân;Nước Hoa Nam;Nam;Đồng Tháp;SMALL BUSINESS
Việt;Lăn Khử Mùi Nam;Nam;Đồng Tháp;CORPORATE
Vinh;Sữa Rửa Mặt Nam;Nam;Đồng Tháp;HOME OFFICE
Việt;Kem Đánh Răng;Nữ;Đồng Tháp;CORPORATE
Tiến;Khăn Lau Mặt;Nữ;Đồng Tháp;SMALL BUSINESS
Mạnh;Áo Khoác Nam;Nam;Đồng Tháp;HOME OFFICE
Hà;Mũ Lưỡi Chai;Nam;Đồng Tháp;CORPORATE
Vinh;Kính Thời Trang Nam;Nam;Đồng Tháp;CORPORATE
Quân;Áo Phông Nam;Nam;Đồng Tháp;CORPORATE
Hồng;Quần Jean Nữ;Nữ;Đồng Tháp;SMALL BUSINESS
Hà;Gấu Bông;Nữ;Đồng Tháp;CONSUMER
Mạnh;Gương Trang Điểm;Nữ;Đồng Tháp;HOME OFFICE
Hồng;Váy;Nữ;Đồng Tháp;CONSUMER
Hoa;Nước Hoa Nam;Nam;Đồng Tháp;CORPORATE
Long;Sữa Tắm Gội Nam;Nam;Đồng Tháp;CORPORATE
Hoàng;Sharingan;Nam;Đồng Tháp;CORPORATE
Quân;Sữa Tắm Nữ;Nữ;Đồng Tháp;HOME OFFICE
Dũng;Kẹp Tóc;Nữ;Đồng Tháp;HOME OFFICE
Đạt;Lăn Khử Mùi Nam;Nam;Đồng Tháp;SMALL BUSINESS
Đạt;Tất Nam;Nam;Đồng Tháp;SMALL BUSINESS
Việt;Áo Bóng Đá;Nam;Đồng Tháp;CORPORATE
Vinh;Nước Hoa Nữ;Nữ;Đồng Tháp;CONSUMER
Việt;Dép Nam;Nam;Đồng Tháp;HOME OFFICE
Tiến;Tất Nam;Nam;Bình Thuận;HOME OFFICE
Mạnh;Chăn Gối;Nam;Bình Thuận;SMALL BUSINESS
Phương;Phấn Trang Điểm;Nữ;Bình Thuận;CORPORATE
Hoàng;Chăn Gối;Nữ;Bình Thuận;HOME OFFICE
Hoàng;Bàn Chải;Nữ;Bình Thuận;CORPORATE
Anh;Bút Kẻ Mắt;Nữ;Bình Thuận;CORPORATE
Vinh;Dép Nam;Nam;Bình Thuận;SMALL BUSINESS
Mạnh;Váy;Nữ;Bình Thuận;CORPORATE
Quân;Sữa Tắm Nữ;Nữ;Bình Thuận;CORPORATE
Mạnh;Kẹp Tóc;Nam;Bình Thuận;HOME OFFICE
Trang;Mũ Lưỡi Chai;Nam;Bình Thuận;CORPORATE
Vinh;Khăn Lau Mặt;Nữ;Bình Thuận;HOME OFFICE
Hoàng;Kẹp Tóc;Nữ;Bình Thuận;CONSUMER
Trang;Khăn Lau Mặt;Nữ;Bình Thuận;CORPORATE
Mạnh;Sữa Tắm Nữ;Nữ;Bình Thuận;CORPORATE
Vinh;Mũ Lưỡi Chai;Nam;Bình Thuận;CORPORATE
Tiến;Sữa Tắm Gội Nam;Nam;Bình Thuận;HOME OFFICE
Quân;Váy;Nữ;Bình Thuận;CORPORATE
Hồng;Áo Bóng Đá;Nam;Bình Thuận;HOME OFFICE
Trang;Váy;Nữ;Bình Thuận;CORPORATE
Hà;Sữa Tắm Nữ;Nữ;Bình Thuận;HOME OFFICE
Long;Dép Nam;Nam;Bình Thuận;CORPORATE
Hà;Sữa Tắm Gội Nam;Nam;Bình Thuận;SMALL BUSINESS
Vinh;Áo Phông Nam;Nam;Bình Thuận;HOME OFFICE
Quân;Băng Chấn Thương;Nam;Bình Thuận;CORPORATE
Hồng;Áo Phông Nữ;Nữ;Bình Thuận;CORPORATE
Hà;Chăn Gối;Nữ;Bình Thuận;CORPORATE
Phương;Áo Phông Nam;Nam;Phú Yên;SMALL BUSINESS
Mạnh;Quần Jean Nam;Nam;Phú Yên;CONSUMER
Bảo;Tông Đơ Cắt Tóc;Nam;Phú Yên;HOME OFFICE
Quân;Máy Cưa;Nam;Phú Yên;CONSUMER
Long;Giày Thể Thao Nam;Nam;Phú Yên;CORPORATE
Trang;Máy Cưa;Nam;Phú Yên;CORPORATE
Vinh;Áo Phông Nữ;Nữ;Phú Yên;CORPORATE
Tiến;Băng Chấn Thương;Nam;Phú Yên;HOME OFFICE
Lệ;Áo Phông Nam;Nam;Phú Yên;HOME OFFICE
Nam;Chăn Gối;Nam;Phú Yên;SMALL BUSINESS
Hoa;Áo Phông Nữ;Nữ;Phú Yên;SMALL BUSINESS
Dũng;Sữa Tắm Nữ;Nữ;Phú Yên;CORPORATE
Đạt;Giày Thể Thao Nam;Nam;Phú Yên;CONSUMER
Hà;Quần Jean Nữ;Nữ;Phú Yên;HOME OFFICE
Hùng;Chăn Gối;Nam;Phú Yên;HOME OFFICE
Hiền;Quần Jean Nữ;Nữ;Phú Yên;SMALL BUSINESS
Hồng;Sữa Tắm Gội Nam;Nam;Phú Yên;CORPORATE
Việt;Áo Bóng Đá;Nam;Phú Yên;CONSUMER
Anh;Quần Jean Nam;Nam;Phú Yên;HOME OFFICE
Hoàng;Áo Bóng Đá;Nam;Phú Yên;CORPORATE
Vinh;Máy Cạo Râu Đa Năng;Nam;Phú Yên;HOME OFFICE
Tiến;Máy Cạo Râu Xiaomi;Nam;Phú Yên;CORPORATE
Quân;Tông Đơ Cắt Tóc;Nam;Phú Yên;SMALL BUSINESS
Hồng;Kính Thời Trang Nam;Nam;Phú Yên;SMALL BUSINESS
Trang;Vòng Cổ Nam;Nam;Phú Yên;HOME OFFICE
Hà;Máy Cưa;Nam;Phú Yên;SMALL BUSINESS
Long;Đồ Chơi Siêu Nhân;Nam;Bình Phước;CORPORATE
Hà;Máy Rửa Mặt Nam;Nam;Bình Phước;CORPORATE
Vinh;Máy Rửa Mặt Nữ;Nữ;Bình Phước;HOME OFFICE
Quân;Kem Đánh Răng;Nam;Bình Phước;CORPORATE
Hồng;Khăn Lau Mặt;Nam;Bình Phước;CORPORATE
Hà;Nước Súc Miệng;Nam;Bình Phước;SMALL BUSINESS
Mạnh;Bàn Chải;Nam;Bình Phước;CORPORATE
Hồng;Áo Khoác Nam;Nam;Bình Phước;CORPORATE
Hoa;Quần Jean Nam;Nam;Bình Phước;CORPORATE
Nam;Áo Phông Nam;Nam;Bình Phước;SMALL BUSINESS
Hoa;Quần Jean Nữ;Nữ;Bình Phước;CORPORATE
Dũng;Áo Phông Nữ;Nữ;Bình Phước;CORPORATE
Đạt;Nước Hoa Nam;Nam;Bình Phước;SMALL BUSINESS
Hà;Lăn Khử Mùi Nam;Nam;Bình Phước;CONSUMER
Hùng;Tất Nam;Nam;Bình Phước;HOME OFFICE
Hiền;Nước Hoa Nữ;Nữ;Bình Phước;CONSUMER
Hồng;Khử Mùi Nữ;Nữ;Bình Phước;CORPORATE
Việt;Tất Nữ;Nữ;Bình Phước;CORPORATE
Anh;Túi Thời Trang;Nữ;Bình Phước;CORPORATE
Hoàng;Son Môi 3CE;Nữ;Bình Phước;HOME OFFICE
Vinh;Phấn Trang Điểm;Nữ;Bình Phước;HOME OFFICE
Quân;Bút Kẻ Mắt;Nữ;Bình Phước;SMALL BUSINESS
Hồng;Kẹp Tóc;Nữ;Bình Phước;SMALL BUSINESS
Hà;Kem Đánh Răng;Nữ;Bình Phước;CORPORATE
Mạnh;Khăn Lau Mặt;Nam;Bình Phước;CONSUMER
Hồng;Nước Súc Miệng;Nam;Bình Phước;HOME OFFICE
Hoa;Bàn Chải;Nam;Bình Phước;HOME OFFICE
Long;Áo Khoác Nam;Nam;Bình Phước;SMALL BUSINESS
Hoàng;Quần Jean Nam;Nam;Bình Phước;CORPORATE
Quân;Áo Phông Nam;Nam;Bình Phước;HOME OFFICE
Dũng;Quần Jean Nữ;Nữ;Bình Phước;SMALL BUSINESS
Đạt;Áo Phông Nữ;Nữ;Bình Phước;CONSUMER
Đạt;Nước Hoa Nam;Nam;Bình Phước;CORPORATE
Vinh;Lăn Khử Mùi Nam;Nam;Hà Nam;CONSUMER
Tiến;Tất Nam;Nam;Hà Nam;CORPORATE
Mạnh;Nước Hoa Nữ;Nữ;Hà Nam;CORPORATE
Dũng;Khử Mùi Nữ;Nữ;Hà Nam;HOME OFFICE
Việt;Tất Nữ;Nữ;Hà Nam;HOME OFFICE
Long;Túi Thời Trang;Nữ;Hà Nam;HOME OFFICE
Quân;Son Môi 3CE;Nữ;Hà Nam;SMALL BUSINESS
Việt;Phấn Trang Điểm;Nữ;Hà Nam;SMALL BUSINESS
Vinh;Bút Kẻ Mắt;Nữ;Hà Nam;HOME OFFICE
Việt;Máy Cạo Râu Đa Năng;Nam;Hà Nam;CORPORATE
Tiến;Máy Cạo Râu Xiaomi;Nam;Hà Nam;CORPORATE
Mạnh;Tông Đơ Cắt Tóc;Nam;Hà Nam;HOME OFFICE
Hà;Kính Thời Trang Nam;Nam;Hà Nam;HOME OFFICE
Vinh;Vòng Cổ Nam;Nam;Hà Nam;SMALL BUSINESS
Quân;Máy Cưa;Nam;Hà Nam;CORPORATE
Hồng;Đồ Chơi Siêu Nhân;Nam;Hà Nam;CORPORATE
Hà;Máy Rửa Mặt Nam;Nam;Hà Nam;CORPORATE
Mạnh;Máy Rửa Mặt Nữ;Nữ;Hà Nam;CORPORATE
Hồng;Kem Đánh Răng;Nữ;Hà Nam;CONSUMER
Hoa;Khăn Lau Mặt;Nữ;Hà Nam;SMALL BUSINESS
Long;Nước Súc Miệng;Nữ;Hà Nam;SMALL BUSINESS
Hoàng;Bàn Chải;Nam;Hà Nam;CORPORATE
Quân;Lăn Khử Mùi Nam;Nam;Hà Nam;CORPORATE
Dũng;Tất Nam;Nam;Hà Nam;CORPORATE
Đạt;Nước Hoa Nữ;Nữ;Hà Nam;CORPORATE
Đạt;Khử Mùi Nữ;Nữ;Hà Nam;CORPORATE
Việt;Tất Nữ;Nữ;Kiên Giang;HOME OFFICE
Vinh;Túi Thời Trang;Nữ;Kiên Giang;CORPORATE
Việt;Son Môi 3CE;Nữ;Kiên Giang;HOME OFFICE
Tiến;Phấn Trang Điểm;Nữ;Kiên Giang;HOME OFFICE
Mạnh;Bút Kẻ Mắt;Nữ;Kiên Giang;CORPORATE
Phương;Kẹp Tóc;Nữ;Kiên Giang;CORPORATE
Hoàng;Dép Nam;Nam;Kiên Giang;CORPORATE
Hoàng;Giày Thể Thao Nam;Nam;Kiên Giang;CONSUMER
Anh;Băng Chấn Thương;Nam;Kiên Giang;CONSUMER
Vinh;Mũ Lưỡi Chai;Nam;Kiên Giang;CONSUMER
Mạnh;Áo Bóng Đá;Nam;Kiên Giang;CORPORATE
Quân;Sữa Rửa Mặt Nam;Nam;Kiên Giang;CONSUMER
Mạnh;Sữa Rửa Mặt Nữ;Nữ;Kiên Giang;CORPORATE
Trang;Gương Trang Điểm;Nữ;Kiên Giang;CORPORATE
Vinh;Phấn Trang Điểm;Nữ;Kiên Giang;HOME OFFICE
Hoàng;Bút Kẻ Mắt;Nữ;Kiên Giang;CORPORATE
Trang;Kẹp Tóc;Nữ;Kiên Giang;CORPORATE
Mạnh;Dép Nam;Nam;Kiên Giang;SMALL BUSINESS
Vinh;Giày Thể Thao Nam;Nam;Kiên Giang;CORPORATE
Tiến;Băng Chấn Thương;Nam;Kiên Giang;CORPORATE
Quân;Mũ Lưỡi Chai;Nam;Kiên Giang;CORPORATE
Hồng;Áo Bóng Đá;Nam;Kiên Giang;SMALL BUSINESS
Trang;Sữa Rửa Mặt Nam;Nam;Kiên Giang;CONSUMER
Hà;Sữa Rửa Mặt Nữ;Nữ;Kiên Giang;SMALL BUSINESS
Long;Gương Trang Điểm;Nữ;Kiên Giang;CORPORATE
Hà;Khăn Lau Mặt;Nam;Kiên Giang;HOME OFFICE
Vinh;Nước Súc Miệng;Nữ;Kiên Giang;CORPORATE
Quân;Bàn Chải;Nữ;Kiên Giang;CONSUMER
Hồng;Áo Khoác Nam;Nam;Kiên Giang;HOME OFFICE
Hà;Quần Jean Nam;Nam;Kiên Giang;CORPORATE
Phương;Áo Phông Nam;Nam;Kiên Giang;HOME OFFICE
Mạnh;Quần Jean Nữ;Nữ;Kiên Giang;CORPORATE
Bảo;Áo Phông Nữ;Nữ;Kiên Giang;SMALL BUSINESS
Quân;Nước Hoa Nam;Nam;Kiên Giang;SMALL BUSINESS
Long;Lăn Khử Mùi Nam;Nam;Kiên Giang;HOME OFFICE
Trang;Tất Nam;Nam;Kiên Giang;SMALL BUSINESS
Vinh;Nước Hoa Nữ;Nữ;Kiên Giang;SMALL BUSINESS
Tiến;Khử Mùi Nữ;Nữ;Kiên Giang;CORPORATE
Lệ;Tất Nữ;Nữ;Kiên Giang;HOME OFFICE
Nam;Túi Thời Trang;Nữ;Kiên Giang;CORPORATE
Hoa;Son Môi 3CE;Nữ;Kiên Giang;SMALL BUSINESS
Hoa;Phấn Trang Điểm;Nữ;Kiên Giang;HOME OFFICE
Long;Bút Kẻ Mắt;Nữ;Kiên Giang;CORPORATE
Hoàng;Kẹp Tóc;Nữ;Kiên Giang;CORPORATE
Quân;Dép Nam;Nam;Kiên Giang;CORPORATE
Dũng;Giày Thể Thao Nam;Nam;Kiên Giang;SMALL BUSINESS
Đạt;Bút Kẻ Mắt;Nữ;Kiên Giang;CONSUMER
Đạt;Băng Chấn Thương;Nam;Kiên Giang;HOME OFFICE
Việt;Mũ Lưỡi Chai;Nam;Kiên Giang;CONSUMER
Hùng;Áo Bóng Đá;Nam;Kiên Giang;CORPORATE
Hiền;Sữa Rửa Mặt Nam;Nam;Kiên Giang;CORPORATE
Việt;Sữa Rửa Mặt Nữ;Nữ;Kiên Giang;CORPORATE
Lệ;Gương Trang Điểm;Nữ;Kiên Giang;HOME OFFICE
Anh;Chăn Gối;Nữ;Kiên Giang;HOME OFFICE
Hùng;Giày Nữ;Nữ;Kiên Giang;SMALL BUSINESS
Trang;Gấu Bông;Nữ;Kiên Giang;SMALL BUSINESS
Bảo;Váy;Nữ;Kiên Giang;CORPORATE
Phương;Sữa Tắm Gội Nam;Nam;Kiên Giang;CONSUMER
Hà;Sữa Tắm Nữ;Nữ;Kiên Giang;HOME OFFICE
Dũng;Sharingan;Nam;Kiên Giang;HOME OFFICE
Hiền;Máy Cạo Râu Đa Năng;Nam;Kiên Giang;SMALL BUSINESS
Đạt;Máy Cạo Râu Xiaomi;Nam;Kiên Giang;CORPORATE
Bảo;Tông Đơ Cắt Tóc;Nam;Kiên Giang;HOME OFFICE
Hùng;Kính Thời Trang Nam;Nam;Kiên Giang;CORPORATE
Long;Vòng Cổ Nam;Nam;Kiên Giang;CORPORATE
Phương;Máy Cưa;Nam;Kiên Giang;SMALL BUSINESS
Hà;Đồ Chơi Siêu Nhân;Nam;Kiên Giang;CORPORATE
Đạt;Máy Rửa Mặt Nam;Nam;Kiên Giang;CORPORATE
Vinh;Máy Rửa Mặt Nữ;Nữ;Kiên Giang;HOME OFFICE
Hoa;Kem Đánh Răng;Nữ;Kiên Giang;CORPORATE
Anh;Khăn Lau Mặt;Nữ;Kiên Giang;HOME OFFICE
Dũng;Áo Khoác Nam;Nam;Kiên Giang;CONSUMER
Lệ;Quần Jean Nam;Nam;Kiên Giang;CORPORATE
Bảo;Áo Phông Nam;Nam;Kiên Giang;CORPORATE
Hùng;Quần Jean Nữ;Nữ;Hà Tĩnh;CORPORATE
Đạt;Áo Phông Nữ;Nữ;Hà Tĩnh;HOME OFFICE
Mạnh;Nước Hoa Nam;Nam;Hà Tĩnh;CORPORATE
Long;Lăn Khử Mùi Nam;Nam;Hà Tĩnh;HOME OFFICE
Vinh;Tất Nam;Nam;Hà Tĩnh;CORPORATE
Phương;Nước Hoa Nữ;Nữ;Hà Tĩnh;HOME OFFICE
Mạnh;Khử Mùi Nữ;Nữ;Hà Tĩnh;CORPORATE
Trang;Tất Nữ;Nữ;Hà Tĩnh;SMALL BUSINESS
Hùng;Túi Thời Trang;Nữ;Hà Tĩnh;HOME OFFICE
Lệ;Son Môi 3CE;Nữ;Hà Tĩnh;CORPORATE
Nam;Phấn Trang Điểm;Nữ;Hà Tĩnh;CORPORATE
Lệ;Bút Kẻ Mắt;Nữ;Hà Tĩnh;CORPORATE
Tiến;Kẹp Tóc;Nữ;Hà Tĩnh;SMALL BUSINESS
Bảo;Dép Nam;Nam;Hà Tĩnh;CONSUMER
Quân;Giày Thể Thao Nam;Nam;Hà Tĩnh;HOME OFFICE
Long;Bút Kẻ Mắt;Nữ;Hà Tĩnh;CONSUMER
Trang;Băng Chấn Thương;Nam;Hà Tĩnh;CORPORATE
Vinh;Mũ Lưỡi Chai;Nam;Hà Tĩnh;CORPORATE
Tiến;Áo Bóng Đá;Nam;Hà Tĩnh;CORPORATE
Lệ;Sữa Rửa Mặt Nam;Nam;Hà Tĩnh;HOME OFFICE
Nam;Sữa Rửa Mặt Nữ;Nữ;Hà Tĩnh;HOME OFFICE
Hoa;Gương Trang Điểm;Nữ;Hà Tĩnh;SMALL BUSINESS
Dũng;Chăn Gối;Nữ;Ninh Thuận;SMALL BUSINESS
Đạt;Giày Nữ;Nữ;Ninh Thuận;CORPORATE
Hà;Gấu Bông;Nữ;Ninh Thuận;CONSUMER
Hùng;Váy;Nữ;Ninh Thuận;HOME OFFICE
Hiền;Sữa Tắm Gội Nam;Nam;Ninh Thuận;HOME OFFICE
Hồng;Sữa Tắm Nữ;Nữ;Ninh Thuận;SMALL BUSINESS
Việt;Sharingan;Nam;Ninh Thuận;CORPORATE
Anh;Máy Cạo Râu Đa Năng;Nam;Ninh Thuận;CONSUMER
Hoàng;Máy Cạo Râu Xiaomi;Nam;Ninh Thuận;HOME OFFICE
Hoàng;Tông Đơ Cắt Tóc;Nam;Ninh Thuận;CORPORATE
Hoàng;Kính Thời Trang Nam;Nam;Ninh Thuận;HOME OFFICE
Anh;Vòng Cổ Nam;Nam;Ninh Thuận;CORPORATE
Vinh;Máy Cưa;Nam;Ninh Thuận;CONSUMER
Mạnh;Đồ Chơi Siêu Nhân;Nam;Ninh Thuận;CONSUMER
Quân;Máy Rửa Mặt Nam;Nam;Ninh Thuận;CONSUMER
Mạnh;Máy Rửa Mặt Nữ;Nữ;Ninh Thuận;CORPORATE
Trang;Kem Đánh Răng;Nữ;Ninh Thuận;CONSUMER
Vinh;Khăn Lau Mặt;Nữ;Ninh Thuận;CORPORATE
Hoàng;Nước Súc Miệng;Nữ;Ninh Thuận;CORPORATE
Trang;Bàn Chải;Nữ;Ninh Thuận;HOME OFFICE
Mạnh;Áo Khoác Nam;Nam;Ninh Thuận;CORPORATE
Vinh;Quần Jean Nam;Nam;Ninh Thuận;CORPORATE
Tiến;Áo Phông Nam;Nam;Ninh Thuận;HOME OFFICE
Quân;Quần Jean Nữ;Nữ;Ninh Thuận;CORPORATE
Hồng;Áo Phông Nữ;Nữ;Ninh Thuận;HOME OFFICE
Trang;Nước Hoa Nam;Nam;Ninh Thuận;CONSUMER
Hà;Lăn Khử Mùi Nam;Nam;Quảng Nam;CORPORATE
Long;Tất Nam;Nữ;Quảng Nam;CORPORATE
Hà;Nước Hoa Nữ;Nữ;Quảng Nam;CORPORATE
Vinh;Khử Mùi Nữ;Nữ;Quảng Nam;HOME OFFICE
Quân;Tất Nữ;Nữ;Quảng Nam;CORPORATE
Hồng;Túi Thời Trang;Nữ;Quảng Nam;HOME OFFICE
Hà;Son Môi 3CE;Nữ;Quảng Nam;HOME OFFICE
Mạnh;Phấn Trang Điểm;Nữ;Quảng Nam;CORPORATE
Hồng;Kẹp Tóc;Nữ;Quảng Nam;CORPORATE
Hoa;Dép Nam;Nam;Quảng Nam;CORPORATE
Long;Giày Thể Thao Nam;Nam;Quảng Nam;CONSUMER
Hoàng;Băng Chấn Thương;Nam;Quảng Nam;CONSUMER
Quân;Mũ Lưỡi Chai;Nam;Quảng Nam;CONSUMER
Dũng;Áo Bóng Đá;Nam;Quảng Nam;CORPORATE
Đạt;Sữa Rửa Mặt Nam;Nam;Quảng Nam;CONSUMER
Đạt;Sữa Rửa Mặt Nữ;Nữ;Quảng Nam;CORPORATE
Vinh;Gương Trang Điểm;Nữ;Quảng Nam;CORPORATE
Tiến;Chăn Gối;Nữ;Quảng Nam;HOME OFFICE
Mạnh;Giày Nữ;Nữ;Quảng Nam;CORPORATE
Dũng;Gấu Bông;Nữ;Quảng Nam;CORPORATE
Việt;Váy;Nữ;Quảng Nam;SMALL BUSINESS
Long;Sữa Tắm Gội Nam;Nam;Quảng Nam;CORPORATE
Quân;Sữa Tắm Nữ;Nữ;Quảng Nam;CORPORATE
Việt;Sharingan;Nam;Quảng Nam;CORPORATE
Vinh;Đồ Chơi Siêu Nhân;Nam;Quảng Nam;SMALL BUSINESS
Việt;Máy Rửa Mặt Nam;Nam;Quảng Nam;CONSUMER
Tiến;Máy Rửa Mặt Nữ;Nữ;Quảng Nam;SMALL BUSINESS
Mạnh;Kem Đánh Răng;Nữ;Quảng Nam;CORPORATE
Hà;Khăn Lau Mặt;Nam;Quảng Nam;HOME OFFICE
Vinh;Nước Súc Miệng;Nam;Tiền Giang;CORPORATE
Quân;Bàn Chải;Nam;Tiền Giang;CONSUMER
Hồng;Áo Khoác Nam;Nam;Tiền Giang;HOME OFFICE
Hà;Quần Jean Nam;Nam;Tiền Giang;CORPORATE
Mạnh;Áo Phông Nam;Nam;Tiền Giang;HOME OFFICE
Hồng;Quần Jean Nữ;Nữ;Tiền Giang;CORPORATE
Hoa;Áo Phông Nữ;Nữ;Tiền Giang;SMALL BUSINESS
Long;Nước Hoa Nam;Nam;Tiền Giang;SMALL BUSINESS
Hoàng;Lăn Khử Mùi Nam;Nam;Tiền Giang;HOME OFFICE
Quân;Tất Nam;Nam;Tiền Giang;SMALL BUSINESS
Dũng;Nước Hoa Nữ;Nữ;Tiền Giang;SMALL BUSINESS
Đạt;Khử Mùi Nữ;Nữ;Tiền Giang;CORPORATE
Đạt;Tất Nữ;Nữ;Tiền Giang;HOME OFFICE
Vinh;Túi Thời Trang;Nữ;Tiền Giang;CORPORATE
Tiến;Son Môi 3CE;Nữ;Tiền Giang;SMALL BUSINESS
Mạnh;Phấn Trang Điểm;Nữ;Tiền Giang;HOME OFFICE
Dũng;Bút Kẻ Mắt;Nữ;Tiền Giang;CORPORATE
Việt;Máy Cạo Râu Đa Năng;Nam;Tiền Giang;CORPORATE
Long;Máy Cạo Râu Xiaomi;Nam;Tiền Giang;CORPORATE
Quân;Tông Đơ Cắt Tóc;Nam;Tiền Giang;SMALL BUSINESS
Việt;Kính Thời Trang Nam;Nam;Tiền Giang;CONSUMER
Vinh;Vòng Cổ Nam;Nam;Tiền Giang;HOME OFFICE
Việt;Máy Cưa;Nam;Tiền Giang;CONSUMER
Tiến;Đồ Chơi Siêu Nhân;Nam;Tiền Giang;CORPORATE
Mạnh;Máy Rửa Mặt Nam;Nam;Tiền Giang;CORPORATE
Phương;Máy Rửa Mặt Nữ;Nữ;Tiền Giang;CORPORATE
Hoàng;Kem Đánh Răng;Nữ;Tiền Giang;HOME OFFICE
Hoàng;Khăn Lau Mặt;Nữ;Tiền Giang;HOME OFFICE
Anh;Nước Súc Miệng;Nữ;Tiền Giang;SMALL BUSINESS
Vinh;Bàn Chải;Nam;Tiền Giang;SMALL BUSINESS
Mạnh;Áo Phông Nam;Nam;Tiền Giang;CORPORATE
Quân;Quần Jean Nữ;Nữ;Hậu Giang;CONSUMER
Mạnh;Áo Phông Nữ;Nữ;Hậu Giang;HOME OFFICE
Trang;Nước Hoa Nam;Nam;Hậu Giang;HOME OFFICE
Vinh;Lăn Khử Mùi Nam;Nam;Hậu Giang;SMALL BUSINESS
Hoàng;Tất Nam;Nam;Hậu Giang;CORPORATE
Trang;Nước Hoa Nữ;Nữ;Hậu Giang;HOME OFFICE
Mạnh;Khử Mùi Nữ;Nữ;Hậu Giang;SMALL BUSINESS
Vinh;Tất Nữ;Nữ;Hậu Giang;CONSUMER
Tiến;Túi Thời Trang;Nữ;Hậu Giang;CORPORATE
Quân;Son Môi 3CE;Nữ;Hậu Giang;CONSUMER
Hồng;Phấn Trang Điểm;Nữ;Hậu Giang;CORPORATE
Trang;Bút Kẻ Mắt;Nữ;Hậu Giang;CORPORATE
Hà;Kẹp Tóc;Nữ;Hậu Giang;HOME OFFICE
Long;Dép Nam;Nam;Hậu Giang;HOME OFFICE
Hà;Giày Thể Thao Nam;Nam;Hậu Giang;HOME OFFICE
Vinh;Bút Kẻ Mắt;Nữ;Hậu Giang;SMALL BUSINESS
Quân;Băng Chấn Thương;Nam;Hậu Giang;SMALL BUSINESS
Hồng;Mũ Lưỡi Chai;Nam;Hậu Giang;HOME OFFICE
Hà;Áo Bóng Đá;Nam;Hậu Giang;CORPORATE
Mạnh;Sữa Rửa Mặt Nam;Nam;Hậu Giang;CORPORATE
Hồng;Sữa Rửa Mặt Nữ;Nữ;Hậu Giang;HOME OFFICE
Hoa;Gương Trang Điểm;Nữ;Hậu Giang;HOME OFFICE
Trang;Chăn Gối;Nữ;Hậu Giang;SMALL BUSINESS
Hùng;Giày Nữ;Nữ;Hậu Giang;CORPORATE
Lệ;Gấu Bông;Nữ;Hậu Giang;CORPORATE
Nam;Váy;Nữ;Hậu Giang;CORPORATE
Lệ;Sữa Tắm Gội Nam;Nam;Hậu Giang;CORPORATE
Tiến;Sữa Tắm Nữ;Nữ;Hậu Giang;CONSUMER
Bảo;Sharingan;Nam;Hậu Giang;SMALL BUSINESS
Quân;Máy Cạo Râu Đa Năng;Nam;Hậu Giang;SMALL BUSINESS
Long;Máy Cạo Râu Xiaomi;Nam;Hậu Giang;CORPORATE
Trang;Tông Đơ Cắt Tóc;Nam;Hậu Giang;CORPORATE
Vinh;Kính Thời Trang Nam;Nam;Hậu Giang;CORPORATE
Tiến;Vòng Cổ Nam;Nam;Hậu Giang;CORPORATE
Lệ;Máy Cưa;Nam;Thừa Thiên Huế;CORPORATE
Nam;Đồ Chơi Siêu Nhân;Nam;Thừa Thiên Huế;HOME OFFICE
Hoa;Máy Rửa Mặt Nam;Nam;Thừa Thiên Huế;CORPORATE
Dũng;Máy Rửa Mặt Nữ;Nữ;Thừa Thiên Huế;HOME OFFICE
Đạt;Kem Đánh Răng;Nữ;Thừa Thiên Huế;HOME OFFICE
Hà;Khăn Lau Mặt;Nữ;Thừa Thiên Huế;CORPORATE
Hùng;Nước Súc Miệng;Nữ;Thừa Thiên Huế;CORPORATE
Hiền;Bàn Chải;Nữ;Thừa Thiên Huế;CORPORATE
Hồng;Áo Khoác Nam;Nam;Thừa Thiên Huế;CONSUMER
Việt;Quần Jean Nam;Nam;Thừa Thiên Huế;CONSUMER
Hùng;Áo Phông Nam;Nam;Thừa Thiên Huế;CONSUMER
Hiền;Quần Jean Nữ;Nữ;Thừa Thiên Huế;CORPORATE
Việt;Áo Phông Nữ;Nữ;Thừa Thiên Huế;CONSUMER
Lệ;Nước Hoa Nam;Nam;Thừa Thiên Huế;CORPORATE
Anh;Lăn Khử Mùi Nam;Nam;Thừa Thiên Huế;CORPORATE
Hùng;Tất Nam;Nữ;Thừa Thiên Huế;HOME OFFICE
Trang;Nước Hoa Nữ;Nữ;Thừa Thiên Huế;CORPORATE
Bảo;Khử Mùi Nữ;Nữ;Thừa Thiên Huế;CORPORATE
Phương;Tất Nữ;Nữ;Thừa Thiên Huế;SMALL BUSINESS
Hà;Túi Thời Trang;Nữ;Thừa Thiên Huế;CORPORATE
Dũng;Son Môi 3CE;Nữ;Thừa Thiên Huế;CORPORATE
Hiền;Phấn Trang Điểm;Nữ;Thừa Thiên Huế;CORPORATE
Đạt;Kẹp Tóc;Nữ;Thừa Thiên Huế;SMALL BUSINESS
Bảo;Dép Nam;Nam;Thừa Thiên Huế;CONSUMER
Hùng;Giày Thể Thao Nam;Nam;Thừa Thiên Huế;SMALL BUSINESS
Long;Băng Chấn Thương;Nam;Thừa Thiên Huế;CORPORATE
Phương;Mũ Lưỡi Chai;Nam;Thừa Thiên Huế;HOME OFFICE
Hà;Áo Bóng Đá;Nam;Thừa Thiên Huế;CORPORATE
Đạt;Sữa Rửa Mặt Nam;Nam;Thừa Thiên Huế;CONSUMER
Vinh;Sữa Rửa Mặt Nữ;Nữ;Thừa Thiên Huế;HOME OFFICE
Phương;Gương Trang Điểm;Nữ;Thừa Thiên Huế;CORPORATE
Hà;Chăn Gối;Nữ;Thừa Thiên Huế;HOME OFFICE
Đạt;Giày Nữ;Nữ;Thừa Thiên Huế;CORPORATE
Vinh;Gấu Bông;Nữ;Thừa Thiên Huế;SMALL BUSINESS
Hoa;Váy;Nữ;Thái Nguyên;SMALL BUSINESS
Anh;Sữa Tắm Gội Nam;Nam;Thái Nguyên;HOME OFFICE
Dũng;Sữa Tắm Nữ;Nữ;Thái Nguyên;SMALL BUSINESS
Lệ;Sharingan;Nam;Thái Nguyên;SMALL BUSINESS
Bảo;Đồ Chơi Siêu Nhân;Nam;Thái Nguyên;CORPORATE
Hùng;Máy Rửa Mặt Nam;Nam;Thái Nguyên;HOME OFFICE
Đạt;Máy Rửa Mặt Nữ;Nữ;Thái Nguyên;CORPORATE
Mạnh;Kem Đánh Răng;Nữ;Thái Nguyên;SMALL BUSINESS
Long;Khăn Lau Mặt;Nam;Thái Nguyên;HOME OFFICE
Vinh;Nước Súc Miệng;Nam;Thái Nguyên;CORPORATE
Phương;Bàn Chải;Nam;Thái Nguyên;CORPORATE
Mạnh;Áo Khoác Nam;Nam;Thái Nguyên;CORPORATE
Trang;Quần Jean Nam;Nam;Thái Nguyên;SMALL BUSINESS
Hùng;Áo Phông Nam;Nam;Thái Nguyên;CONSUMER
Lệ;Máy Rửa Mặt Nữ;Nữ;Thái Nguyên;HOME OFFICE
Nam;Kem Đánh Răng;Nữ;Thái Nguyên;CONSUMER
Lệ;Khăn Lau Mặt;Nam;Thái Nguyên;CORPORATE
Tiến;Nước Súc Miệng;Nam;Thái Nguyên;CORPORATE
Bảo;Bàn Chải;Nam;Thái Nguyên;CORPORATE
Quân;Áo Khoác Nam;Nam;Thái Nguyên;HOME OFFICE
Long;Quần Jean Nam;Nam;Thái Nguyên;HOME OFFICE
Trang;Áo Phông Nam;Nam;Thái Nguyên;SMALL BUSINESS
Vinh;Quần Jean Nữ;Nữ;Thái Nguyên;SMALL BUSINESS
Tiến;Áo Phông Nữ;Nữ;Thái Nguyên;CORPORATE
Lệ;Nước Hoa Nam;Nam;Thái Nguyên;CONSUMER
Nam;Lăn Khử Mùi Nam;Nam;Thái Nguyên;HOME OFFICE
Hoa;Tất Nam;Nam;Hải Dương;HOME OFFICE
Dũng;Nước Hoa Nữ;Nữ;Hải Dương;SMALL BUSINESS
Đạt;Khử Mùi Nữ;Nữ;Hải Dương;CORPORATE
Hà;Tất Nữ;Nữ;Hải Dương;HOME OFFICE
Hùng;Túi Thời Trang;Nữ;Hải Dương;CORPORATE
Hiền;Son Môi 3CE;Nữ;Hải Dương;CORPORATE
Hồng;Phấn Trang Điểm;Nữ;Hải Dương;SMALL BUSINESS
Việt;Bút Kẻ Mắt;Nữ;Hải Dương;CORPORATE
Anh;Máy Cạo Râu Đa Năng;Nam;Hải Dương;CORPORATE
Hoàng;Máy Cạo Râu Xiaomi;Nam;Hải Dương;HOME OFFICE
Vinh;Tông Đơ Cắt Tóc;Nam;Hải Dương;CORPORATE
Quân;Kính Thời Trang Nam;Nam;Hải Dương;HOME OFFICE
Hồng;Vòng Cổ Nam;Nam;Hải Dương;CONSUMER
Hà;Máy Cưa;Nam;Hải Dương;CORPORATE
Mạnh;Đồ Chơi Siêu Nhân;Nam;Hải Dương;CORPORATE
Hồng;Máy Rửa Mặt Nam;Nam;Hải Dương;CORPORATE
Hoa;Máy Rửa Mặt Nữ;Nữ;Hải Dương;HOME OFFICE
Long;Kem Đánh Răng;Nữ;Hải Dương;CORPORATE
Hoàng;Khăn Lau Mặt;Nữ;Hải Dương;HOME OFFICE
Quân;Nước Súc Miệng;Nữ;Hải Dương;CORPORATE
Dũng;Bàn Chải;Nam;Hải Dương;HOME OFFICE
Đạt;Lăn Khử Mùi Nam;Nam;Hải Dương;CORPORATE
Đạt;Tất Nam;Nam;Hải Dương;SMALL BUSINESS
Vinh;Nước Hoa Nữ;Nữ;Hải Dương;HOME OFFICE
Tiến;Khử Mùi Nữ;Nữ;Hải Dương;CORPORATE
Mạnh;Tất Nữ;Nữ;Hải Dương;CORPORATE
Dũng;Túi Thời Trang;Nữ;Hải Dương;CORPORATE
Việt;Son Môi 3CE;Nữ;Bắc Cạn;SMALL BUSINESS
Long;Phấn Trang Điểm;Nữ;Bắc Cạn;CONSUMER
Quân;Bút Kẻ Mắt;Nữ;Bắc Cạn;HOME OFFICE
Việt;Kẹp Tóc;Nữ;Bắc Cạn;CONSUMER
Vinh;Dép Nam;Nam;Bắc Cạn;CORPORATE
Việt;Giày Thể Thao Nam;Nam;Bắc Cạn;CORPORATE
Tiến;Băng Chấn Thương;Nam;Bắc Cạn;CORPORATE
Mạnh;Mũ Lưỡi Chai;Nam;Bắc Cạn;HOME OFFICE
Hà;Áo Bóng Đá;Nam;Bắc Cạn;HOME OFFICE
Vinh;Sữa Rửa Mặt Nam;Nam;Bắc Cạn;SMALL BUSINESS
Quân;Sữa Rửa Mặt Nữ;Nữ;Bắc Cạn;SMALL BUSINESS
Hồng;Gương Trang Điểm;Nữ;Bắc Cạn;CORPORATE
Hà;Khăn Lau Mặt;Nam;Bắc Cạn;CONSUMER
Mạnh;Nước Súc Miệng;Nữ;Bắc Cạn;HOME OFFICE
Hồng;Bàn Chải;Nữ;Bắc Cạn;HOME OFFICE
Hoa;Áo Khoác Nam;Nam;Bắc Cạn;SMALL BUSINESS
Long;Quần Jean Nam;Nam;Bắc Cạn;CORPORATE
Hoàng;Áo Phông Nam;Nam;Bắc Cạn;CONSUMER
Quân;Quần Jean Nữ;Nữ;Bắc Cạn;HOME OFFICE
Dũng;Áo Phông Nữ;Nữ;Bắc Cạn;CORPORATE
Đạt;Nước Hoa Nam;Nam;Bắc Cạn;HOME OFFICE
Đạt;Lăn Khử Mùi Nam;Nam;Bắc Cạn;CORPORATE
Việt;Tất Nam;Nam;Bắc Cạn;SMALL BUSINESS
Vinh;Nước Hoa Nữ;Nữ;Bắc Cạn;SMALL BUSINESS
Việt;Khử Mùi Nữ;Nữ;Bắc Cạn;HOME OFFICE
Tiến;Tất Nữ;Nữ;Bắc Cạn;HOME OFFICE
Mạnh;Túi Thời Trang;Nữ;Bắc Cạn;HOME OFFICE
Phương;Son Môi 3CE;Nữ;Bắc Cạn;SMALL BUSINESS
Hoàng;Phấn Trang Điểm;Nữ;Bắc Cạn;SMALL BUSINESS
Hoàng;Bút Kẻ Mắt;Nữ;Bắc Cạn;CORPORATE
Anh;Kẹp Tóc;Nữ;Long An;CONSUMER
Vinh;Dép Nam;Nam;Long An;HOME OFFICE
Mạnh;Giày Thể Thao Nam;Nam;Long An;HOME OFFICE
Quân;Bút Kẻ Mắt;Nữ;Long An;SMALL BUSINESS
Mạnh;Băng Chấn Thương;Nam;Long An;CORPORATE
Trang;Mũ Lưỡi Chai;Nam;Long An;CONSUMER
Vinh;Áo Bóng Đá;Nam;Long An;HOME OFFICE
Hoàng;Sữa Rửa Mặt Nam;Nam;Long An;CORPORATE
Trang;Sữa Rửa Mặt Nữ;Nữ;Long An;HOME OFFICE
Mạnh;Gương Trang Điểm;Nữ;Long An;CORPORATE
Vinh;Chăn Gối;Nữ;Long An;CONSUMER
Tiến;Giày Nữ;Nữ;Long An;CONSUMER
Quân;Gấu Bông;Nữ;Long An;CONSUMER
Hồng;Váy;Nữ;Long An;CORPORATE
Trang;Sữa Tắm Gội Nam;Nam;Long An;CONSUMER
Hà;Sữa Tắm Nữ;Nữ;Long An;CORPORATE
Long;Sharingan;Nam;Long An;CORPORATE
Hà;Máy Cạo Râu Đa Năng;Nam;Long An;HOME OFFICE
Vinh;Máy Cạo Râu Xiaomi;Nam;Long An;CORPORATE
Quân;Tông Đơ Cắt Tóc;Nam;Long An;CORPORATE
Hồng;Kính Thời Trang Nam;Nam;Long An;HOME OFFICE
Hà;Vòng Cổ Nam;Nam;Long An;CORPORATE
Mạnh;Máy Cưa;Nam;Long An;HOME OFFICE
Hồng;Đồ Chơi Siêu Nhân;Nam;Long An;CONSUMER
Hoa;Máy Rửa Mặt Nam;Nam;Long An;CORPORATE
Nam;Máy Rửa Mặt Nữ;Nữ;Long An;CORPORATE
Hoa;Kem Đánh Răng;Nữ;Long An;CORPORATE
Dũng;Khăn Lau Mặt;Nữ;Long An;HOME OFFICE
Đạt;Nước Súc Miệng;Nữ;Long An;CORPORATE
Hà;Bàn Chải;Nữ;Kon Tum;HOME OFFICE
Hùng;Áo Khoác Nam;Nam;Kon Tum;HOME OFFICE
Hiền;Quần Jean Nam;Nam;Kon Tum;CORPORATE
Hồng;Áo Phông Nam;Nam;Kon Tum;CORPORATE
Việt;Quần Jean Nữ;Nữ;Kon Tum;CORPORATE
Anh;Áo Phông Nữ;Nữ;Kon Tum;CONSUMER
Hoàng;Nước Hoa Nam;Nam;Kon Tum;CONSUMER
Vinh;Lăn Khử Mùi Nam;Nam;Kon Tum;CONSUMER
Quân;Tất Nam;Nữ;Kon Tum;CORPORATE
Hồng;Nước Hoa Nữ;Nữ;Kon Tum;CONSUMER
Hà;Khử Mùi Nữ;Nữ;Kon Tum;CORPORATE
Mạnh;Tất Nữ;Nữ;Kon Tum;CORPORATE
Hồng;Túi Thời Trang;Nữ;Kon Tum;HOME OFFICE
Hoa;Son Môi 3CE;Nữ;Kon Tum;CORPORATE
Long;Phấn Trang Điểm;Nữ;Kon Tum;CORPORATE
Hoàng;Kẹp Tóc;Nữ;Kon Tum;SMALL BUSINESS
Quân;Dép Nam;Nam;Kon Tum;CORPORATE
Dũng;Giày Thể Thao Nam;Nam;Kon Tum;CORPORATE
Đạt;Băng Chấn Thương;Nam;Kon Tum;CORPORATE
Đạt;Mũ Lưỡi Chai;Nam;Kon Tum;SMALL BUSINESS
Vinh;Áo Bóng Đá;Nam;Kon Tum;CONSUMER
Tiến;Sữa Rửa Mặt Nam;Nam;Kon Tum;SMALL BUSINESS
Mạnh;Sữa Rửa Mặt Nữ;Nữ;Kon Tum;CORPORATE
Dũng;Gương Trang Điểm;Nữ;Kon Tum;HOME OFFICE
Việt;Chăn Gối;Nữ;Kon Tum;CORPORATE
Long;Giày Nữ;Nữ;Kon Tum;CONSUMER
Quân;Gấu Bông;Nữ;Kon Tum;HOME OFFICE
Việt;Váy;Nữ;Kon Tum;CORPORATE
Vinh;Sữa Tắm Gội Nam;Nam;Kon Tum;HOME OFFICE
Việt;Sữa Tắm Nữ;Nữ;Quảng Ngãi;CORPORATE
Tiến;Sharingan;Nam;Quảng Ngãi;CONSUMER
Mạnh;Đồ Chơi Siêu Nhân;Nam;Quảng Ngãi;HOME OFFICE
Hà;Máy Rửa Mặt Nam;Nam;Quảng Ngãi;CONSUMER
Vinh;Máy Rửa Mặt Nữ;Nữ;Quảng Ngãi;CORPORATE
Quân;Kem Đánh Răng;Nữ;Quảng Ngãi;CORPORATE
Hồng;Khăn Lau Mặt;Nam;Quảng Ngãi;CORPORATE
Hà;Nước Súc Miệng;Nam;Quảng Ngãi;HOME OFFICE
Mạnh;Bàn Chải;Nam;Quảng Ngãi;HOME OFFICE
Hồng;Áo Khoác Nam;Nam;Quảng Ngãi;SMALL BUSINESS
Hoa;Quần Jean Nam;Nam;Quảng Ngãi;SMALL BUSINESS
Long;Áo Phông Nam;Nam;Quảng Ngãi;CORPORATE
Hoàng;Quần Jean Nữ;Nữ;Quảng Ngãi;CONSUMER
Quân;Áo Phông Nữ;Nữ;Quảng Ngãi;HOME OFFICE
Dũng;Nước Hoa Nam;Nam;Quảng Ngãi;HOME OFFICE
Đạt;Lăn Khử Mùi Nam;Nam;Quảng Ngãi;SMALL BUSINESS
Đạt;Tất Nam;Nam;Quảng Ngãi;CORPORATE
Việt;Nước Hoa Nữ;Nữ;Quảng Ngãi;CONSUMER
Vinh;Khử Mùi Nữ;Nữ;Quảng Ngãi;HOME OFFICE
Việt;Tất Nữ;Nữ;Quảng Ngãi;CORPORATE
Tiến;Túi Thời Trang;Nữ;Quảng Ngãi;HOME OFFICE
Mạnh;Son Môi 3CE;Nữ;Quảng Ngãi;CORPORATE
Phương;Phấn Trang Điểm;Nữ;Quảng Ngãi;SMALL BUSINESS
Hoàng;Bút Kẻ Mắt;Nữ;Quảng Ngãi;SMALL BUSINESS
Hoàng;Máy Cạo Râu Đa Năng;Nam;Quảng Ngãi;HOME OFFICE
Anh;Máy Cạo Râu Xiaomi;Nam;Quảng Ngãi;HOME OFFICE
Vinh;Tông Đơ Cắt Tóc;Nam;Quảng Ngãi;HOME OFFICE
Mạnh;Kính Thời Trang Nam;Nam;Quảng Ngãi;SMALL BUSINESS
Quân;Vòng Cổ Nam;Nam;Quảng Ngãi;SMALL BUSINESS
Mạnh;Máy Cưa;Nam;Quảng Ngãi;CORPORATE
Trang;Đồ Chơi Siêu Nhân;Nam;Quảng Ngãi;CONSUMER
Vinh;Máy Rửa Mặt Nam;Nam;Quảng Trị;HOME OFFICE
Hoàng;Máy Rửa Mặt Nữ;Nữ;Quảng Trị;HOME OFFICE
Trang;Kem Đánh Răng;Nữ;Quảng Trị;SMALL BUSINESS
Mạnh;Khăn Lau Mặt;Nữ;Quảng Trị;CORPORATE
Vinh;Nước Súc Miệng;Nữ;Quảng Trị;CONSUMER
Tiến;Bàn Chải;Nam;Quảng Trị;HOME OFFICE
Quân;Lăn Khử Mùi Nam;Nam;Quảng Trị;CORPORATE
Hồng;Tất Nam;Nam;Quảng Trị;HOME OFFICE
Trang;Nước Hoa Nữ;Nữ;Quảng Trị;CORPORATE
Hà;Khử Mùi Nữ;Nữ;Quảng Trị;CONSUMER
Long;Tất Nữ;Nữ;Quảng Trị;CONSUMER
Hà;Túi Thời Trang;Nữ;Quảng Trị;CONSUMER
Vinh;Son Môi 3CE;Nữ;Quảng Trị;CORPORATE
Quân;Phấn Trang Điểm;Nữ;Quảng Trị;CONSUMER
Hồng;Bút Kẻ Mắt;Nữ;Quảng Trị;CORPORATE
Hà;Kẹp Tóc;Nữ;Quảng Trị;CORPORATE
Phương;Dép Nam;Nam;Quảng Trị;HOME OFFICE
Mạnh;Giày Thể Thao Nam;Nam;Quảng Trị;CORPORATE
Bảo;Băng Chấn Thương;Nam;Quảng Trị;CORPORATE
Quân;Mũ Lưỡi Chai;Nam;Quảng Trị;HOME OFFICE
Long;Áo Bóng Đá;Nam;Quảng Trị;CORPORATE
Trang;Sữa Rửa Mặt Nam;Nam;Quảng Trị;HOME OFFICE
Vinh;Sữa Rửa Mặt Nữ;Nữ;Quảng Trị;CONSUMER
Tiến;Gương Trang Điểm;Nữ;Quảng Trị;CORPORATE
Lệ;Phấn Trang Điểm;Nữ;Quảng Trị;CORPORATE
Nam;Bút Kẻ Mắt;Nữ;Quảng Trị;CORPORATE
Hoa;Kẹp Tóc;Nữ;Quảng Trị;HOME OFFICE
Dũng;Dép Nam;Nam;Quảng Trị;CORPORATE
Đạt;Giày Thể Thao Nam;Nam;Quảng Trị;HOME OFFICE
Hà;Băng Chấn Thương;Nam;Tây Ninh;HOME OFFICE
Hùng;Mũ Lưỡi Chai;Nam;Tây Ninh;CORPORATE
Hiền;Áo Bóng Đá;Nam;Tây Ninh;CORPORATE
Hồng;Sữa Rửa Mặt Nam;Nam;Tây Ninh;CORPORATE
Việt;Sữa Rửa Mặt Nữ;Nữ;Tây Ninh;CONSUMER
Anh;Gương Trang Điểm;Nữ;Tây Ninh;CONSUMER
Hoàng;Khăn Lau Mặt;Nam;Tây Ninh;CONSUMER
Vinh;Nước Súc Miệng;Nữ;Tây Ninh;CORPORATE
Tiến;Bàn Chải;Nữ;Tây Ninh;CONSUMER
Quân;Áo Khoác Nam;Nam;Tây Ninh;CORPORATE
Hồng;Quần Jean Nam;Nam;Tây Ninh;CORPORATE
Trang;Áo Phông Nam;Nam;Tây Ninh;HOME OFFICE
Hà;Quần Jean Nữ;Nữ;Tây Ninh;CORPORATE
Long;Áo Phông Nữ;Nữ;Tây Ninh;CORPORATE
Hà;Nước Hoa Nam;Nam;Tây Ninh;SMALL BUSINESS
Vinh;Lăn Khử Mùi Nam;Nam;Tây Ninh;CORPORATE
Quân;Tất Nam;Nam;Tây Ninh;CORPORATE
Hồng;Nước Hoa Nữ;Nữ;Tây Ninh;CORPORATE
Hà;Khử Mùi Nữ;Nữ;Tây Ninh;SMALL BUSINESS
Mạnh;Tất Nữ;Nữ;Tây Ninh;CONSUMER
Hồng;Túi Thời Trang;Nữ;Tây Ninh;SMALL BUSINESS
Hoa;Son Môi 3CE;Nữ;Tây Ninh;CORPORATE
Nam;Phấn Trang Điểm;Nữ;Tây Ninh;HOME OFFICE
Hoa;Bút Kẻ Mắt;Nữ;Tây Ninh;CORPORATE
Dũng;Kẹp Tóc;Nữ;Tây Ninh;CORPORATE
Đạt;Dép Nam;Nam;Tây Ninh;CORPORATE
Hà;Giày Thể Thao Nam;Nam;Tây Ninh;CORPORATE
Hùng;Bút Kẻ Mắt;Nữ;Tây Ninh;HOME OFFICE
Hiền;Băng Chấn Thương;Nam;Tây Ninh;HOME OFFICE
Hồng;Mũ Lưỡi Chai;Nam;Tây Ninh;SMALL BUSINESS
Việt;Áo Bóng Đá;Nam;Tây Ninh;SMALL BUSINESS
Anh;Sữa Rửa Mặt Nam;Nam;Tây Ninh;CORPORATE
Hoàng;Sữa Rửa Mặt Nữ;Nữ;Tây Ninh;CONSUMER
Vinh;Gương Trang Điểm;Nữ;Tây Ninh;HOME OFFICE
Quân;Chăn Gối;Nữ;Tây Ninh;HOME OFFICE
Hồng;Giày Nữ;Nữ;Tây Ninh;SMALL BUSINESS
Hà;Gấu Bông;Nữ;Tây Ninh;CORPORATE
Mạnh;Váy;Nữ;Tây Ninh;CONSUMER
Hồng;Sữa Tắm Gội Nam;Nam;Tây Ninh;HOME OFFICE
Hoa;Sữa Tắm Nữ;Nữ;Tây Ninh;CORPORATE
Long;Sharingan;Nam;Tây Ninh;HOME OFFICE
Hoàng;Máy Cạo Râu Đa Năng;Nam;Tây Ninh;CORPORATE
Quân;Máy Cạo Râu Xiaomi;Nam;Tây Ninh;SMALL BUSINESS
Dũng;Tông Đơ Cắt Tóc;Nam;Tây Ninh;SMALL BUSINESS
Đạt;Kính Thời Trang Nam;Nam;Tây Ninh;HOME OFFICE
Đạt;Vòng Cổ Nam;Nam;Tây Ninh;HOME OFFICE
Vinh;Máy Cưa;Nam;Tây Ninh;HOME OFFICE
Tiến;Đồ Chơi Siêu Nhân;Nam;Tây Ninh;SMALL BUSINESS
Mạnh;Máy Rửa Mặt Nam;Nam;Tây Ninh;SMALL BUSINESS
Dũng;Máy Rửa Mặt Nữ;Nữ;Tây Ninh;CORPORATE
Việt;Kem Đánh Răng;Nữ;Tây Ninh;CONSUMER
Long;Khăn Lau Mặt;Nữ;Tây Ninh;HOME OFFICE
Quân;Áo Khoác Nam;Nam;Tây Ninh;HOME OFFICE
Việt;Quần Jean Nam;Nam;Tây Ninh;SMALL BUSINESS
Vinh;Áo Phông Nam;Nam;Tây Ninh;CORPORATE
Việt;Quần Jean Nữ;Nữ;Tây Ninh;CONSUMER
Tiến;Áo Phông Nữ;Nữ;Tây Ninh;HOME OFFICE
Mạnh;Nước Hoa Nam;Nam;Tây Ninh;CORPORATE
Hà;Lăn Khử Mùi Nam;Nam;Tây Ninh;HOME OFFICE
Vinh;Tất Nam;Nam;Tây Ninh;CORPORATE
Quân;Nước Hoa Nữ;Nữ;Tây Ninh;CONSUMER
Hồng;Khử Mùi Nữ;Nữ;Tây Ninh;CONSUMER
Hà;Tất Nữ;Nữ;Tây Ninh;CONSUMER
Mạnh;Túi Thời Trang;Nữ;Tây Ninh;CORPORATE
Hồng;Son Môi 3CE;Nữ;Tây Ninh;CONSUMER
Hoa;Phấn Trang Điểm;Nữ;Tây Ninh;CORPORATE
Long;Bút Kẻ Mắt;Nữ;Tây Ninh;CORPORATE
Hoàng;Kẹp Tóc;Nữ;Tây Ninh;HOME OFFICE
Quân;Dép Nam;Nam;Tây Ninh;CORPORATE
Dũng;Giày Thể Thao Nam;Nam;Tây Ninh;CORPORATE
Đạt;Bút Kẻ Mắt;Nữ;Tây Ninh;HOME OFFICE
Đạt;Băng Chấn Thương;Nam;Tây Ninh;CORPORATE
Việt;Mũ Lưỡi Chai;Nam;Tây Ninh;HOME OFFICE
Vinh;Áo Bóng Đá;Nam;Tây Ninh;CONSUMER
Việt;Sữa Rửa Mặt Nam;Nam;Tây Ninh;CORPORATE
Tiến;Sữa Rửa Mặt Nữ;Nữ;Tây Ninh;CORPORATE
Mạnh;Gương Trang Điểm;Nữ;Tây Ninh;CORPORATE
Phương;Chăn Gối;Nữ;Tây Ninh;HOME OFFICE
Hoàng;Giày Nữ;Nữ;Tây Ninh;HOME OFFICE
Hoàng;Gấu Bông;Nữ;Tây Ninh;SMALL BUSINESS
Anh;Váy;Nữ;Tây Ninh;SMALL BUSINESS
Vinh;Sữa Tắm Gội Nam;Nam;Tây Ninh;CORPORATE
Mạnh;Sữa Tắm Nữ;Nữ;Tây Ninh;HOME OFFICE
Quân;Sharingan;Nam;Tây Ninh;CORPORATE
Mạnh;Máy Cạo Râu Đa Năng;Nam;Tây Ninh;SMALL BUSINESS
Trang;Máy Cạo Râu Xiaomi;Nam;Tây Ninh;HOME OFFICE
Vinh;Tông Đơ Cắt Tóc;Nam;Tây Ninh;CORPORATE
Hoàng;Kính Thời Trang Nam;Nam;Tây Ninh;CORPORATE
Trang;Vòng Cổ Nam;Nam;Tây Ninh;CORPORATE
Mạnh;Máy Cưa;Nam;Tây Ninh;SMALL BUSINESS
Vinh;Đồ Chơi Siêu Nhân;Nam;Tây Ninh;CONSUMER
Tiến;Máy Rửa Mặt Nam;Nam;Tây Ninh;HOME OFFICE
Quân;Máy Rửa Mặt Nữ;Nữ;Tây Ninh;CONSUMER
Hồng;Kem Đánh Răng;Nữ;Tây Ninh;CORPORATE
Trang;Khăn Lau Mặt;Nữ;Tây Ninh;CORPORATE
Hà;Nước Súc Miệng;Nữ;Tây Ninh;CORPORATE
Long;Bàn Chải;Nữ;Tây Ninh;HOME OFFICE
Hà;Áo Khoác Nam;Nam;Tây Ninh;HOME OFFICE
Vinh;Quần Jean Nam;Nam;Tây Ninh;SMALL BUSINESS
Quân;Áo Phông Nam;Nam;Tây Ninh;SMALL BUSINESS
Hồng;Quần Jean Nữ;Nữ;Tây Ninh;CORPORATE
Hà;Áo Phông Nữ;Nữ;Tây Ninh;CONSUMER
Phương;Nước Hoa Nam;Nam;Tây Ninh;HOME OFFICE
Mạnh;Lăn Khử Mùi Nam;Nam;Trà Vinh;HOME OFFICE
Bảo;Tất Nam;Nữ;Trà Vinh;SMALL BUSINESS
Quân;Nước Hoa Nữ;Nữ;Trà Vinh;CORPORATE
Long;Khử Mùi Nữ;Nữ;Trà Vinh;HOME OFFICE
Trang;Tất Nữ;Nữ;Trà Vinh;SMALL BUSINESS
Vinh;Túi Thời Trang;Nữ;Trà Vinh;CONSUMER
Tiến;Son Môi 3CE;Nữ;Trà Vinh;CORPORATE
Lệ;Phấn Trang Điểm;Nữ;Trà Vinh;CONSUMER
Nam;Kẹp Tóc;Nữ;Trà Vinh;CORPORATE
Hoa;Dép Nam;Nam;Trà Vinh;CORPORATE
Hoa;Giày Thể Thao Nam;Nam;Trà Vinh;HOME OFFICE
Long;Băng Chấn Thương;Nam;Trà Vinh;HOME OFFICE
Hoàng;Mũ Lưỡi Chai;Nam;Hà Nội;HOME OFFICE
Quân;Áo Bóng Đá;Nam;Hà Nội;SMALL BUSINESS
Dũng;Sữa Rửa Mặt Nam;Nam;Hà Nội;SMALL BUSINESS
Đạt;Sữa Rửa Mặt Nữ;Nữ;Hà Nội;HOME OFFICE
Đạt;Gương Trang Điểm;Nữ;Hà Nội;CORPORATE
Việt;Chăn Gối;Nữ;Hà Nội;CORPORATE
Vinh;Giày Nữ;Nữ;Hà Nội;HOME OFFICE
Việt;Gấu Bông;Nữ;Hà Nội;HOME OFFICE
Tiến;Váy;Nữ;Hà Nội;SMALL BUSINESS
Mạnh;Sữa Tắm Gội Nam;Nam;Hà Nội;CORPORATE
Phương;Sữa Tắm Nữ;Nữ;Hà Nội;CORPORATE
Hoàng;Sharingan;Nam;Hà Nội;CORPORATE
Hoàng;Đồ Chơi Siêu Nhân;Nam;Hà Nội;CORPORATE
Anh;Máy Rửa Mặt Nam;Nam;Hà Nội;CONSUMER
Vinh;Máy Rửa Mặt Nữ;Nữ;Hà Nội;SMALL BUSINESS
Mạnh;Kem Đánh Răng;Nữ;Hà Nội;SMALL BUSINESS
Quân;Khăn Lau Mặt;Nam;Hà Nội;CORPORATE
Mạnh;Nước Súc Miệng;Nam;Hà Nội;CORPORATE
Vinh;Bàn Chải;Nam;Hà Nội;CORPORATE
Tiến;Áo Khoác Nam;Nam;Hà Nội;CORPORATE
Quân;Quần Jean Nam;Nam;Hà Nội;CORPORATE
Hồng;Áo Phông Nam;Nam;Hà Nội;HOME OFFICE
Trang;Quần Jean Nữ;Nữ;Hà Nội;CORPORATE
Hà;Áo Phông Nữ;Nữ;Hà Nội;HOME OFFICE
Long;Nước Hoa Nam;Nam;Hà Nội;HOME OFFICE
Hà;Lăn Khử Mùi Nam;Nam;Hà Nội;CORPORATE
Vinh;Tất Nam;Nam;Hà Nội;CORPORATE
Quân;Nước Hoa Nữ;Nữ;Hà Nội;CORPORATE
Hồng;Khử Mùi Nữ;Nữ;Hà Nội;CONSUMER
Hà;Tất Nữ;Nữ;Hà Nội;CONSUMER
Phương;Túi Thời Trang;Nữ;Hà Nội;CONSUMER
Mạnh;Son Môi 3CE;Nữ;Hà Nội;CORPORATE
Bảo;Phấn Trang Điểm;Nữ;Hà Nội;CONSUMER
Quân;Bút Kẻ Mắt;Nữ;Hà Nội;CORPORATE
Long;Máy Cạo Râu Đa Năng;Nam;Hà Nội;CORPORATE
Trang;Máy Cạo Râu Xiaomi;Nam;Hà Nội;HOME OFFICE
Vinh;Tông Đơ Cắt Tóc;Nam;Hà Nội;CORPORATE
Tiến;Kính Thời Trang Nam;Nam;Hà Nội;CORPORATE
Lệ;Vòng Cổ Nam;Nam;Hà Nội;SMALL BUSINESS
Nam;Máy Cưa;Nam;Hà Nội;CORPORATE
Hoa;Đồ Chơi Siêu Nhân;Nam;Hà Nội;CORPORATE
Hoa;Máy Rửa Mặt Nam;Nam;Hà Nội;CORPORATE
Long;Máy Rửa Mặt Nữ;Nữ;Hà Nội;SMALL BUSINESS
Hoàng;Kem Đánh Răng;Nữ;Hà Nội;CONSUMER
Quân;Khăn Lau Mặt;Nữ;Hà Nội;SMALL BUSINESS
Dũng;Nước Súc Miệng;Nữ;Hà Nội;CORPORATE
Đạt;Bàn Chải;Nam;Hà Nội;HOME OFFICE
Đạt;Áo Phông Nam;Nam;Hà Nội;CORPORATE
Việt;Quần Jean Nữ;Nữ;Hà Nội;CONSUMER
Vinh;Áo Phông Nữ;Nữ;Hà Nội;HOME OFFICE
Việt;Nước Hoa Nam;Nam;Hà Nội;CORPORATE
Tiến;Lăn Khử Mùi Nam;Nam;Hà Nội;HOME OFFICE
Mạnh;Tất Nam;Nam;Hà Nội;CORPORATE
Phương;Nước Hoa Nữ;Nữ;Hà Nội;SMALL BUSINESS
Hoàng;Khử Mùi Nữ;Nữ;Hà Nội;SMALL BUSINESS
Hoàng;Tất Nữ;Nữ;Hà Nội;HOME OFFICE
Anh;Túi Thời Trang;Nữ;Hà Nội;SMALL BUSINESS
Quân;Son Môi 3CE;Nữ;Hà Nội;SMALL BUSINESS
Việt;Phấn Trang Điểm;Nữ;Hà Nội;CORPORATE
Vinh;Bút Kẻ Mắt;Nữ;Hà Nội;HOME OFFICE
Việt;Kẹp Tóc;Nữ;Hà Nội;CORPORATE
Tiến;Dép Nam;Nam;Hà Nội;SMALL BUSINESS
Mạnh;Giày Thể Thao Nam;Nam;Hà Nội;HOME OFFICE
Hà;Bút Kẻ Mắt;Nữ;Hà Nội;CORPORATE
Vinh;Băng Chấn Thương;Nam;Hà Nội;CORPORATE
Quân;Mũ Lưỡi Chai;Nam;Hà Nội;CORPORATE
Hồng;Áo Bóng Đá;Nam;Hà Nội;SMALL BUSINESS
Hà;Sữa Rửa Mặt Nam;Nam;Hà Nội;CONSUMER
Mạnh;Sữa Rửa Mặt Nữ;Nữ;Hà Nội;HOME OFFICE
Hồng;Gương Trang Điểm;Nữ;Hà Nội;CONSUMER
Hoa;Chăn Gối;Nữ;Hà Nội;CORPORATE
Long;Giày Nữ;Nữ;Hà Nội;CORPORATE
Hoàng;Gấu Bông;Nữ;Hà Nội;CORPORATE
Quân;Váy;Nữ;Hà Nội;HOME OFFICE
Dũng;Sữa Tắm Gội Nam;Nam;Hà Nội;HOME OFFICE
Đạt;Sữa Tắm Nữ;Nữ;Hà Nội;SMALL BUSINESS
Đạt;Sharingan;Nam;Hà Nội;SMALL BUSINESS
Việt;Máy Cạo Râu Đa Năng;Nam;Hà Nội;CORPORATE
Vinh;Máy Cạo Râu Xiaomi;Nam;Hà Nội;CONSUMER
Việt;Tông Đơ Cắt Tóc;Nam;Hà Nội;HOME OFFICE
Tiến;Kính Thời Trang Nam;Nam;Hà Nội;HOME OFFICE
Mạnh;Vòng Cổ Nam;Nam;Hà Nội;SMALL BUSINESS
Phương;Máy Cưa;Nam;Hà Nội;CORPORATE
Hoàng;Đồ Chơi Siêu Nhân;Nam;Hà Nội;HOME OFFICE
Hoàng;Máy Rửa Mặt Nam;Nam;Hà Nội;CORPORATE
Anh;Máy Rửa Mặt Nữ;Nữ;Hà Nội;CORPORATE
Vinh;Kem Đánh Răng;Nữ;Hà Nội;SMALL BUSINESS
Mạnh;Khăn Lau Mặt;Nữ;Hà Nội;CORPORATE
Quân;Nước Súc Miệng;Nữ;Hà Nội;CORPORATE
Mạnh;Bàn Chải;Nữ;Hà Nội;HOME OFFICE
Trang;Áo Khoác Nam;Nam;Hà Nội;CORPORATE
Vinh;Quần Jean Nam;Nam;Hà Nội;HOME OFFICE
Hoàng;Áo Phông Nam;Nam;Hà Nội;CONSUMER
Trang;Quần Jean Nữ;Nữ;Hà Nội;CORPORATE
Mạnh;Áo Phông Nữ;Nữ;Hà Nội;CORPORATE
Vinh;Nước Hoa Nam;Nam;Hà Nội;CORPORATE
Tiến;Lăn Khử Mùi Nam;Nam;Hà Nội;HOME OFFICE
Quân;Tất Nam;Nữ;Hà Nội;CORPORATE
Hồng;Nước Hoa Nữ;Nữ;Hà Nội;HOME OFFICE
Trang;Khử Mùi Nữ;Nữ;Hà Nội;CORPORATE
Hà;Tất Nữ;Nữ;Hà Nội;HOME OFFICE
Long;Túi Thời Trang;Nữ;Hà Nội;CORPORATE
Hà;Son Môi 3CE;Nữ;Hà Nội;SMALL BUSINESS
Vinh;Phấn Trang Điểm;Nữ;Hà Nội;HOME OFFICE
Quân;Kẹp Tóc;Nữ;Hà Nội;CORPORATE
Hồng;Dép Nam;Nam;Hà Nội;CORPORATE
Hà;Giày Thể Thao Nam;Nam;Hà Nội;CORPORATE
Phương;Băng Chấn Thương;Nam;Hà Nội;SMALL BUSINESS
Mạnh;Mũ Lưỡi Chai;Nam;Hà Nội;CONSUMER
Bảo;Áo Bóng Đá;Nam;Hà Nội;HOME OFFICE
Quân;Sữa Rửa Mặt Nam;Nam;Hà Nội;CONSUMER
Long;Sữa Rửa Mặt Nữ;Nữ;Hà Nội;CORPORATE
Việt;Gương Trang Điểm;Nữ;Hà Nội;CORPORATE
Vinh;Chăn Gối;Nữ;Hà Nội;CORPORATE
Việt;Giày Nữ;Nữ;Hà Nội;HOME OFFICE
Tiến;Gấu Bông;Nữ;Hà Nội;HOME OFFICE
Mạnh;Váy;Nữ;Hà Nội;SMALL BUSINESS
Hà;Sữa Tắm Gội Nam;Nam;Hà Nội;SMALL BUSINESS
Vinh;Sữa Tắm Nữ;Nữ;Hà Nội;CORPORATE
Quân;Sharingan;Nam;Hà Nội;CONSUMER
Hồng;Đồ Chơi Siêu Nhân;Nam;Hà Nội;HOME OFFICE
Hà;Máy Rửa Mặt Nam;Nam;Hà Nội;HOME OFFICE
Mạnh;Máy Rửa Mặt Nữ;Nữ;Hà Nội;SMALL BUSINESS
Hồng;Kem Đánh Răng;Nữ;Hà Nội;CORPORATE
Hoa;Khăn Lau Mặt;Nam;Hà Nội;CONSUMER
Long;Nước Súc Miệng;Nam;Hà Nội;HOME OFFICE
Hoàng;Bàn Chải;Nam;Hà Nội;CORPORATE
Quân;Áo Khoác Nam;Nam;Hà Nội;HOME OFFICE
Dũng;Quần Jean Nam;Nam;Hà Nội;CORPORATE
Đạt;Áo Phông Nam;Nam;Hà Nội;SMALL BUSINESS
Đạt;Quần Jean Nữ;Nữ;Hà Nội;SMALL BUSINESS
Việt;Áo Phông Nữ;Nữ;Hà Nội;HOME OFFICE
Vinh;Nước Hoa Nam;Nam;Hà Nội;SMALL BUSINESS
Việt;Lăn Khử Mùi Nam;Nam;Hà Nội;CORPORATE
Tiến;Sữa Rửa Mặt Nam;Nam;Hà Nội;CORPORATE
Mạnh;Kem Đánh Răng;Nữ;Hà Nội;HOME OFFICE
Phương;Khăn Lau Mặt;Nữ;Hà Nội;CORPORATE
Hoàng;Áo Khoác Nam;Nam;Hà Nội;CORPORATE
Hoàng;Mũ Lưỡi Chai;Nam;Hà Nội;SMALL BUSINESS
Anh;Kính Thời Trang Nam;Nam;Hà Nội;CORPORATE
Vinh;Áo Phông Nam;Nam;Hà Nội;CORPORATE
Mạnh;Quần Jean Nữ;Nữ;Hà Nội;CORPORATE
Quân;Gấu Bông;Nữ;Hà Nội;SMALL BUSINESS
Mạnh;Gương Trang Điểm;Nữ;Hà Nội;CORPORATE
Trang;Váy;Nữ;Hà Nội;CORPORATE
Vinh;Nước Hoa Nam;Nam;Hà Nội;SMALL BUSINESS
Hoàng;Sữa Tắm Gội Nam;Nam;Hà Nội;CONSUMER
Trang;Sharingan;Nam;Hà Nội;HOME OFFICE
Mạnh;Sữa Tắm Nữ;Nữ;Hà Nội;CONSUMER
Vinh;Kẹp Tóc;Nữ;Hà Nội;CORPORATE
Tiến;Lăn Khử Mùi Nam;Nam;Hà Nội;CORPORATE
Quân;Tất Nam;Nam;Hà Nội;CORPORATE
Hồng;Áo Bóng Đá;Nam;Hà Nội;HOME OFFICE
Trang;Nước Hoa Nữ;Nữ;Hà Nội;HOME OFFICE
Hà;Dép Nam;Nam;Hà Nội;SMALL BUSINESS
Long;Tất Nam;Nam;Hà Nội;SMALL BUSINESS
Hà;Chăn Gối;Nam;Hà Nội;CORPORATE
Vinh;Phấn Trang Điểm;Nữ;Hà Nội;CONSUMER
Quân;Chăn Gối;Nữ;Hà Nội;HOME OFFICE
Hồng;Bàn Chải;Nữ;Hà Nội;HOME OFFICE
Hà;Bút Kẻ Mắt;Nữ;Hà Nội;SMALL BUSINESS
Phương;Dép Nam;Nam;Hà Nội;CORPORATE
Mạnh;Váy;Nữ;Hà Nội;HOME OFFICE
Bảo;Sữa Tắm Nữ;Nữ;Hà Nội;SMALL BUSINESS
Quân;Kẹp Tóc;Nam;Hà Nội;CONSUMER
Long;Mũ Lưỡi Chai;Nam;Hà Nội;SMALL BUSINESS
Trang;Khăn Lau Mặt;Nữ;Hà Nội;SMALL BUSINESS
Vinh;Kẹp Tóc;Nữ;Hà Nội;HOME OFFICE
Tiến;Khăn Lau Mặt;Nữ;Hà Nội;SMALL BUSINESS
Lệ;Sữa Tắm Nữ;Nữ;Hà Nội;CORPORATE
Nam;Mũ Lưỡi Chai;Nam;Hà Nội;CORPORATE
Hoa;Sữa Tắm Gội Nam;Nam;Hà Nội;HOME OFFICE
Hoa;Váy;Nữ;Hà Nội;CORPORATE
Long;Áo Bóng Đá;Nam;Hà Nội;CORPORATE
Hoàng;Váy;Nữ;Hà Nội;SMALL BUSINESS
Quân;Sữa Tắm Nữ;Nữ;Hà Nội;CORPORATE
Dũng;Dép Nam;Nam;Hà Nội;CORPORATE
Đạt;Sữa Tắm Gội Nam;Nam;Hà Nội;CORPORATE
Đạt;Áo Phông Nam;Nam;Hà Nội;SMALL BUSINESS
Việt;Băng Chấn Thương;Nam;Hà Nội;CORPORATE
Vinh;Áo Phông Nữ;Nữ;Hà Nội;CORPORATE
Việt;Chăn Gối;Nữ;Hà Nội;SMALL BUSINESS
Tiến;Áo Phông Nam;Nam;Hà Nội;CONSUMER
Mạnh;Quần Jean Nam;Nam;Hà Nội;HOME OFFICE
Phương;Tông Đơ Cắt Tóc;Nam;Hà Nội;CONSUMER
Hoàng;Máy Cưa;Nam;Hà Nội;CORPORATE
Hoàng;Giày Thể Thao Nam;Nam;Hà Nội;CORPORATE
Anh;Máy Cưa;Nam;Hà Nội;CORPORATE
Vinh;Áo Phông Nữ;Nữ;Hà Nội;HOME OFFICE
Mạnh;Băng Chấn Thương;Nam;Hà Nội;HOME OFFICE
Quân;Áo Phông Nam;Nam;Hà Nội;SMALL BUSINESS
Mạnh;Chăn Gối;Nam;Hà Nội;SMALL BUSINESS
Vinh;Áo Phông Nữ;Nữ;Hà Nội;CORPORATE
Tiến;Sữa Tắm Nữ;Nữ;Hà Nội;CONSUMER
Quân;Giày Thể Thao Nam;Nam;Hà Nội;HOME OFFICE
Hồng;Quần Jean Nữ;Nữ;Hà Nội;HOME OFFICE
